[{"model": "quizmaster.topic", "pk": 1, "fields": {"title": "Vrai ou Faux"}}, {"model": "quizmaster.topic", "pk": 2, "fields": {"title": "Informatique"}}, {"model": "quizmaster.topic", "pk": 3, "fields": {"title": "Divers"}}, {"model": "quizmaster.topic", "pk": 4, "fields": {"title": "Sciences"}}, {"model": "quizmaster.topic", "pk": 5, "fields": {"title": "Histoire"}}, {"model": "quizmaster.topic", "pk": 6, "fields": {"title": "Géographie"}}, {"model": "quizmaster.topic", "pk": 7, "fields": {"title": "Culture générale"}}, {"model": "quizmaster.topic", "pk": 8, "fields": {"title": "Actualité"}}, {"model": "quizmaster.topic", "pk": 9, "fields": {"title": "Matématiques"}}, {"model": "quizmaster.query", "pk": 1, "fields": {"owner": 1, "topic": 1, "level": 1, "description": "La lune s'éloigne de la terre ... vrai ou faux ?", "boolean": true, "A": "", "B": "", "C": "", "D": "", "E": "", "F": "", "expected": 1}}, {"model": "quizmaster.query", "pk": 2, "fields": {"owner": 1, "topic": 1, "level": 1, "description": "Les frites sont une invention belge ... vrai ou faux ?", "boolean": true, "A": "", "B": "", "C": "", "D": "", "E": "", "F": "", "expected": 0}}, {"model": "quizmaster.query", "pk": 3, "fields": {"owner": 1, "topic": 1, "level": 1, "description": "En France, il est interdit d'appeler son cochon Napoléon ... vrai ou faux ?", "boolean": true, "A": "", "B": "", "C": "", "D": "", "E": "", "F": "", "expected": 1}}, {"model": "quizmaster.query", "pk": 4, "fields": {"owner": 1, "topic": 1, "level": 1, "description": "On a plus de chances de mourir à cause d’une noix de coco tombée d’un arbre que par une attaque de requin ... vrai ou faux ?", "boolean": true, "A": "", "B": "", "C": "", "D": "", "E": "", "F": "", "expected": 1}}, {"model": "quizmaster.query", "pk": 5, "fields": {"owner": 1, "topic": 1, "level": 1, "description": "Les méchants dans les films et les séries n'ont jamais d'Iphone ... vrai ou faux ?", "boolean": true, "A": "", "B": "", "C": "", "D": "", "E": "", "F": "", "expected": 1}}, {"model": "quizmaster.query", "pk": 6, "fields": {"owner": 1, "topic": 1, "level": 1, "description": "Aucun animal n'est immortel ... vrai ou faux ?", "boolean": true, "A": "", "B": "", "C": "", "D": "", "E": "", "F": "", "expected": 0}}, {"model": "quizmaster.query", "pk": 7, "fields": {"owner": 1, "topic": 1, "level": 1, "description": "La France est le pays qui a le plus de fuseaux horaires dans le monde ... vrai ou faux ?", "boolean": true, "A": "", "B": "", "C": "", "D": "", "E": "", "F": "", "expected": 1}}, {"model": "quizmaster.query", "pk": 8, "fields": {"owner": 1, "topic": 1, "level": 1, "description": "Le soleil rétrécit de plus d'un mètre par heure ... vrai ou faux ?", "boolean": true, "A": "", "B": "", "C": "", "D": "", "E": "", "F": "", "expected": 1}}, {"model": "quizmaster.query", "pk": 9, "fields": {"owner": 1, "topic": 1, "level": 1, "description": "À Zürich, plus de 800 personnes ont été volontaires pour tester une prison ... vrai ou faux ?", "boolean": true, "A": "", "B": "", "C": "", "D": "", "E": "", "F": "", "expected": 1}}, {"model": "quizmaster.query", "pk": 10, "fields": {"owner": 1, "topic": 1, "level": 1, "description": "Il y a plus d’arbres sur terre que d’étoiles dans la galaxie ... vrai ou faux ?", "boolean": true, "A": "", "B": "", "C": "", "D": "", "E": "", "F": "", "expected": 1}}, {"model": "quizmaster.query", "pk": 11, "fields": {"owner": 1, "topic": 1, "level": 1, "description": "Les cheveux et les ongles continuent de pousser après la mort ... vrai ou faux ?", "boolean": true, "A": "", "B": "", "C": "", "D": "", "E": "", "F": "", "expected": 0}}, {"model": "quizmaster.query", "pk": 12, "fields": {"owner": 1, "topic": 1, "level": 1, "description": "Rome se situe plus au sud que la ville de New York ... vrai ou faux ?", "boolean": true, "A": "", "B": "", "C": "", "D": "", "E": "", "F": "", "expected": 0}}, {"model": "quizmaster.query", "pk": 13, "fields": {"owner": 1, "topic": 1, "level": 1, "description": "Il y a plus de McDonald's en France qu'en Chine ... vrai ou faux ?", "boolean": true, "A": "", "B": "", "C": "", "D": "", "E": "", "F": "", "expected": 0}}, {"model": "quizmaster.query", "pk": 14, "fields": {"owner": 1, "topic": 1, "level": 1, "description": "La tour Eiffel est plus grande en été qu'en hiver ... vrai ou faux ?", "boolean": true, "A": "", "B": "", "C": "", "D": "", "E": "", "F": "", "expected": 1}}, {"model": "quizmaster.query", "pk": 15, "fields": {"owner": 1, "topic": 1, "level": 1, "description": "Tous les pays du monde ont une capitale ... vrai ou faux ?", "boolean": true, "A": "", "B": "", "C": "", "D": "", "E": "", "F": "", "expected": 0}}, {"model": "quizmaster.query", "pk": 16, "fields": {"owner": 1, "topic": 6, "level": 1, "description": "Laquelle de ces villes n'est pas fortifiée ?", "boolean": false, "A": "Saint Malo", "B": "Concarneau", "C": "Carcassonne", "D": "Lorient", "E": "", "F": "", "expected": 5}}, {"model": "quizmaster.query", "pk": 17, "fields": {"owner": 1, "topic": 6, "level": 1, "description": "Quel département ne se trouve pas au sud ?", "boolean": false, "A": "Var", "B": "Les Landes", "C": "Alpes Maritimes", "D": "Gard", "E": "", "F": "", "expected": 3}}, {"model": "quizmaster.query", "pk": 18, "fields": {"owner": 1, "topic": 6, "level": 1, "description": "Laquelle de ces villes est fortifiée ?", "boolean": false, "A": "Saint Brieuc", "B": "Guerande", "C": "Lille", "D": "Marseille", "E": "", "F": "", "expected": 2}}, {"model": "quizmaster.query", "pk": 19, "fields": {"owner": 1, "topic": 6, "level": 1, "description": "Si vous traversez la France de la Rochelle vers Annecy, vous allez du ?", "boolean": false, "A": "Nord au Sud", "B": "Est en Ouest", "C": "Ouest en Est", "D": "Sud au Nord", "E": "", "F": "", "expected": 4}}, {"model": "quizmaster.query", "pk": 20, "fields": {"owner": 1, "topic": 6, "level": 1, "description": "Dans quel département se trouve la ville de Privas ?", "boolean": false, "A": "Aveyron", "B": "Lozère", "C": "Ardèche", "D": "Haute Loire", "E": "", "F": "", "expected": 4}}, {"model": "quizmaster.query", "pk": 21, "fields": {"owner": 1, "topic": 6, "level": 1, "description": "Et celle de Chalons en champagne ?", "boolean": false, "A": "La Meuse", "B": "Yonne", "C": "Aisne", "D": "La Marne", "E": "", "F": "", "expected": 5}}, {"model": "quizmaster.query", "pk": 22, "fields": {"owner": 1, "topic": 6, "level": 1, "description": "Combien de départements français ont une frontière avec l'Espagne ?", "boolean": false, "A": "2", "B": "3", "C": "5", "D": "6", "E": "", "F": "", "expected": 4}}, {"model": "quizmaster.query", "pk": 23, "fields": {"owner": 1, "topic": 6, "level": 1, "description": "Le Roussillon se trouve au ?", "boolean": false, "A": "Nord", "B": "Ouest", "C": "Sud", "D": "Est", "E": "", "F": "", "expected": 4}}, {"model": "quizmaster.query", "pk": 24, "fields": {"owner": 1, "topic": 6, "level": 3, "description": "Entre quels lacs se trouvent les chutes du Niagara ?", "boolean": false, "A": "Ontario et Huron", "B": "Érié et Ontario", "C": "Michigan et Érié", "D": "Huron et Michigan", "E": "", "F": "", "expected": 3}}, {"model": "quizmaster.query", "pk": 25, "fields": {"owner": 1, "topic": 6, "level": 3, "description": "Quelle est la capitale de la Sardaigne ?", "boolean": false, "A": "Cagliari", "B": "Sassari", "C": "Bastia", "D": "Ajaccio", "E": "", "F": "", "expected": 2}}, {"model": "quizmaster.query", "pk": 26, "fields": {"owner": 1, "topic": 6, "level": 3, "description": "Lequel de ces pays n’a pas de frontière avec la Slovénie ?", "boolean": false, "A": "Hongrie", "B": "Italie", "C": "Autriche", "D": "Liechtenstein", "E": "", "F": "", "expected": 5}}, {"model": "quizmaster.query", "pk": 27, "fields": {"owner": 1, "topic": 6, "level": 3, "description": "Quelle est la capitale de l’Eswatini ?", "boolean": false, "A": "Banjul", "B": "Lolongwe", "C": "Mbabane", "D": "El Aaiùn", "E": "", "F": "", "expected": 4}}, {"model": "quizmaster.query", "pk": 28, "fields": {"owner": 1, "topic": 6, "level": 3, "description": "Où se situe l’Île de Navasse ?", "boolean": false, "A": "Entre Cuba et Bahamas", "B": "Entre République Dominicaine et Porto-Rico", "C": "Entre Haiti et Jamaïque", "D": "Entre Haiti et Jamaïque", "E": "", "F": "", "expected": 4}}, {"model": "quizmaster.query", "pk": 29, "fields": {"owner": 1, "topic": 6, "level": 3, "description": "Quelle est la capitale de l’état américain de l'Arkansas ?", "boolean": false, "A": "Little Rock", "B": "Harrisburg", "C": "Lincoln", "D": "Bismark", "E": "", "F": "", "expected": 2}}, {"model": "quizmaster.query", "pk": 30, "fields": {"owner": 1, "topic": 6, "level": 3, "description": "Lequels de ces pays n’a pas de frontière commune avec le Surinam ?", "boolean": false, "A": "Guyana", "B": "Vénézuela", "C": "Brésil", "D": "Guyane française", "E": "", "F": "", "expected": 3}}, {"model": "quizmaster.query", "pk": 31, "fields": {"owner": 1, "topic": 6, "level": 3, "description": "Dans quelle mer se jète la Volga ?", "boolean": false, "A": "Mer Méditerrannée", "B": "Mer Noire", "C": "Mer d'Aral", "D": "Mer Caspienne", "E": "", "F": "", "expected": 5}}, {"model": "quizmaster.query", "pk": 32, "fields": {"owner": 1, "topic": 6, "level": 3, "description": "Quelle est la capitale de la Guinée équatoriale ?", "boolean": false, "A": "Maseru", "B": "Macau", "C": "Malabo", "D": "Maputo", "E": "", "F": "", "expected": 4}}, {"model": "quizmaster.query", "pk": 33, "fields": {"owner": 1, "topic": 6, "level": 3, "description": "Quel est la capitale de Antigua-et-Barbuda ?", "boolean": false, "A": "Cockburn Town", "B": "St-John's", "C": "Basseterre", "D": "St-George's", "E": "", "F": "", "expected": 3}}, {"model": "quizmaster.query", "pk": 34, "fields": {"owner": 1, "topic": 6, "level": 3, "description": "Dans que pays se trouvent les anciennes ruines de Babylone ?", "boolean": false, "A": "Syrie", "B": "Israël", "C": "Palestine", "D": "Irak", "E": "", "F": "", "expected": 5}}, {"model": "quizmaster.query", "pk": 35, "fields": {"owner": 1, "topic": 6, "level": 3, "description": "Quelle est la capitale de l’Île de Crète ?", "boolean": false, "A": "Héraklion", "B": "Réthymnon", "C": "La Canée", "D": "Sitia", "E": "", "F": "", "expected": 2}}, {"model": "quizmaster.query", "pk": 36, "fields": {"owner": 1, "topic": 6, "level": 3, "description": "Où se situent les Îles Éoliennes ?", "boolean": false, "A": "Dans la Mer Adriatique", "B": "Au sud de la Grèce", "C": "Au nord de la Sicile", "D": "À l'Ouest du Maroc", "E": "", "F": "", "expected": 4}}, {"model": "quizmaster.query", "pk": 37, "fields": {"owner": 1, "topic": 6, "level": 3, "description": "De quel archipel fait partie l’Île de Ponta Delgada ?", "boolean": false, "A": "Baléares", "B": "Acores", "C": "Bahamas", "D": "Canaries", "E": "", "F": "", "expected": 3}}, {"model": "quizmaster.query", "pk": 38, "fields": {"owner": 1, "topic": 6, "level": 3, "description": "Où se situe l’archipel des Aléoutiennes ?", "boolean": false, "A": "À l’est du Groenland", "B": "À l’est de Madagascar", "C": "Entre la France et le Royaume Unis", "D": "Au sud -ouest de l’Alaska", "E": "", "F": "", "expected": 5}}, {"model": "quizmaster.query", "pk": 39, "fields": {"owner": 1, "topic": 6, "level": 3, "description": "Où se situe la Mer Morte ?", "boolean": false, "A": "Entre Beyrouth et Damas", "B": "Entre la péninsule du Sinaï et l’Arabie", "C": "Entre la Jordanie et Israël", "D": "Entre la Syrie et la Turquie", "E": "", "F": "", "expected": 4}}, {"model": "quizmaster.query", "pk": 40, "fields": {"owner": 1, "topic": 6, "level": 3, "description": "De quelle île St-Pierre-Port est-il la capitale ?", "boolean": false, "A": "Guernesey", "B": "Île d'Yeu", "C": "Sercq", "D": "Jersey", "E": "", "F": "", "expected": 2}}, {"model": "quizmaster.query", "pk": 41, "fields": {"owner": 1, "topic": 6, "level": 3, "description": "À quelle région de France appartient la région viticole de Bordeaux ?", "boolean": false, "A": "Poitou -Charentes", "B": "Aquitaine", "C": "Midi-Pyrénées", "D": "Limousin", "E": "", "F": "", "expected": 3}}, {"model": "quizmaster.query", "pk": 42, "fields": {"owner": 1, "topic": 6, "level": 3, "description": "Où se trouve l’île de Skye ?", "boolean": false, "A": "Entre Irlande et Royaume Unis", "B": "Au nord de l’Irlande du nord", "C": "À l’est de l’Islande", "D": "À l’ouest de l’Écosse", "E": "", "F": "", "expected": 5}}, {"model": "quizmaster.query", "pk": 43, "fields": {"owner": 1, "topic": 6, "level": 3, "description": "Lequel de ces pays a une frontière commune avec la Lombardie ?", "boolean": false, "A": "Suisse", "B": "Liechtenstein", "C": "Autriche", "D": "France", "E": "", "F": "", "expected": 2}}, {"model": "quizmaster.query", "pk": 44, "fields": {"owner": 1, "topic": 6, "level": 3, "description": "Comment se nomme l'île au sud-ouest de Sorrente dans la baie de Naples ?", "boolean": false, "A": "Ischia", "B": "Procida", "C": "Capri", "D": "Ponziane", "E": "", "F": "", "expected": 4}}, {"model": "quizmaster.query", "pk": 45, "fields": {"owner": 1, "topic": 6, "level": 3, "description": "Quelle est la capitale des Svalbard ?", "boolean": false, "A": "Torshavn", "B": "Longyearbyen", "C": "Kirkwall", "D": "Lerwick", "E": "", "F": "", "expected": 3}}, {"model": "quizmaster.query", "pk": 46, "fields": {"owner": 1, "topic": 6, "level": 3, "description": "Quelle est la capitale de la Zambie ?", "boolean": false, "A": "Harare", "B": "Lusaka", "C": "Gaborone", "D": "Luanda", "E": "", "F": "", "expected": 3}}, {"model": "quizmaster.query", "pk": 47, "fields": {"owner": 1, "topic": 6, "level": 3, "description": "Où se situe l'archipel de Juan Fernandez ?", "boolean": false, "A": "À l'ouest du Chili", "B": "À l'est du Brésil", "C": "Au sud de l'Argentine", "D": "Au nord du Vénézuela", "E": "", "F": "", "expected": 2}}, {"model": "quizmaster.query", "pk": 48, "fields": {"owner": 1, "topic": 6, "level": 3, "description": "Quelle est la capitale de l'Île de Pâques ?", "boolean": false, "A": "Suva", "B": "Nuku'alofa", "C": "Hanga Roa", "D": "Mata-Utu", "E": "", "F": "", "expected": 4}}, {"model": "quizmaster.query", "pk": 49, "fields": {"owner": 1, "topic": 2, "level": 1, "description": "Que signifient les trois lettres \"www\" en informatique ?", "boolean": false, "A": "World Wide Wireless", "B": "World Wide Web", "C": "Web World Widget", "D": "Rien du tout !", "E": "", "F": "", "expected": 3}}, {"model": "quizmaster.query", "pk": 50, "fields": {"owner": 1, "topic": 2, "level": 1, "description": "Quel est l’élément qui n’appartient pas à la famille des \"Software\" ?", "boolean": false, "A": "Avast anti-virus", "B": "Microsoft", "C": "Internet Explorer", "D": "CD-ROM", "E": "", "F": "", "expected": 5}}, {"model": "quizmaster.query", "pk": 51, "fields": {"owner": 1, "topic": 2, "level": 1, "description": "À quoi sert une adresse IP ?", "boolean": false, "A": "Identifier chaque ordinateur connecté à Internet", "B": "Afficher l'adresse postale d'un serveur", "C": "Définir le positionnement GPS d'un internaute", "D": "Ca sert à décorer", "E": "", "F": "", "expected": 2}}, {"model": "quizmaster.query", "pk": 52, "fields": {"owner": 1, "topic": 2, "level": 1, "description": "En quoi consiste « l'overcloaking » ?", "boolean": false, "A": "Mesurer les performances d'un microprocesseur", "B": "Augmenter la fréquence d'un microprocesseur", "C": "Combiner deux microprocesseurs", "D": "Je veux sauter cette question dure !", "E": "", "F": "", "expected": 3}}, {"model": "quizmaster.query", "pk": 53, "fields": {"owner": 1, "topic": 2, "level": 1, "description": "Parmi ces logiciels, lequel n’est pas un « Tableur » ?", "boolean": false, "A": "Microsoft PowerPoint", "B": "Microsoft Excel", "C": "Apple Numbers", "D": "Tablette ou tableur ?", "E": "", "F": "", "expected": 2}}, {"model": "quizmaster.query", "pk": 54, "fields": {"owner": 1, "topic": 2, "level": 1, "description": "Cherchez l’intrus parmi ces \"Portes Logiques\" :", "boolean": false, "A": "ET", "B": "DANS", "C": "OUI", "D": "OU", "E": "", "F": "", "expected": 3}}, {"model": "quizmaster.query", "pk": 55, "fields": {"owner": 1, "topic": 2, "level": 1, "description": "Cherchez l’intrus :", "boolean": false, "A": "Clé USB", "B": "Carte mémoire SD", "C": "Disque dur", "D": "Poste de travail", "E": "", "F": "", "expected": 5}}, {"model": "quizmaster.query", "pk": 56, "fields": {"owner": 1, "topic": 2, "level": 1, "description": "Quelle est la signification du mot « Périphérique » en informatique ?", "boolean": false, "A": "L’électricité qui circule dans le processeur", "B": "Les différents composants matériels du PC", "C": "Vitesse limitée à 90 Km/h", "D": "Les logiciels installés sur le PC", "E": "", "F": "", "expected": 3}}, {"model": "quizmaster.query", "pk": 57, "fields": {"owner": 1, "topic": 2, "level": 1, "description": "La puissance d'un microprocesseur est le critère essentiel pour les jeux vidéo musclés.", "boolean": true, "A": "", "B": "", "C": "", "D": "", "E": "", "F": "", "expected": 1}}, {"model": "quizmaster.query", "pk": 58, "fields": {"owner": 1, "topic": 2, "level": 1, "description": "Un microprocesseur d'entrée de gamme suffit pour surfer sur internet, rédiger un courrier ou jouer au solitaire :", "boolean": true, "A": "", "B": "", "C": "", "D": "", "E": "", "F": "", "expected": 1}}, {"model": "quizmaster.query", "pk": 59, "fields": {"owner": 1, "topic": 2, "level": 1, "description": "Que signifie le 'A' de \"ADSL\" ?", "boolean": false, "A": "Asynchronous", "B": "Asymmetrical", "C": "Accelerator", "D": "Attention", "E": "", "F": "", "expected": 3}}, {"model": "quizmaster.query", "pk": 60, "fields": {"owner": 1, "topic": 2, "level": 1, "description": "À quoi correspondent les \"3 Ghz\" d'un microprocesseur ?", "boolean": false, "A": "À la finesse de gravure", "B": "À la fréquence du signal d'horloge", "C": "Au nombre de transistors", "D": "J'abandonne", "E": "", "F": "", "expected": 3}}, {"model": "quizmaster.query", "pk": 61, "fields": {"owner": 1, "topic": 2, "level": 1, "description": "Pour améliorer les performances d’un PC, il faut diminuer sa mémoire vive RAM ?", "boolean": true, "A": "", "B": "", "C": "", "D": "", "E": "", "F": "", "expected": 0}}, {"model": "quizmaster.query", "pk": 62, "fields": {"owner": 1, "topic": 2, "level": 1, "description": "À quoi sert un \"firewall\" en informatique ?", "boolean": false, "A": "À bloquer les connexions non autorisées", "B": "À neutraliser les virus", "C": "À scanner les logiciels téléchargés", "D": "Un Firefox ?", "E": "", "F": "", "expected": 2}}, {"model": "quizmaster.quiz", "pk": 1, "fields": {"owner": 1, "title": "Questions diverses", "code": "questions-diverses", "level": 1, "active": true}}, {"model": "quizmaster.quiz", "pk": 2, "fields": {"owner": 1, "title": "Géographie en général", "code": "geographie-en-general", "level": 1, "active": true}}, {"model": "quizmaster.quiz", "pk": 3, "fields": {"owner": 1, "title": "Les pros en géograhie", "code": "les-pros-en-geograhie", "level": 3, "active": true}}, {"model": "quizmaster.quiz", "pk": 4, "fields": {"owner": 1, "title": "Informatique: les bases", "code": "informatique-les-bases", "level": 1, "active": true}}, {"model": "quizmaster.queries", "pk": 1, "fields": {"range": 1, "quiz": 1, "query": 1}}, {"model": "quizmaster.queries", "pk": 2, "fields": {"range": 2, "quiz": 1, "query": 2}}, {"model": "quizmaster.queries", "pk": 3, "fields": {"range": 3, "quiz": 1, "query": 3}}, {"model": "quizmaster.queries", "pk": 4, "fields": {"range": 4, "quiz": 1, "query": 4}}, {"model": "quizmaster.queries", "pk": 5, "fields": {"range": 5, "quiz": 1, "query": 5}}, {"model": "quizmaster.queries", "pk": 6, "fields": {"range": 6, "quiz": 1, "query": 6}}, {"model": "quizmaster.queries", "pk": 7, "fields": {"range": 7, "quiz": 1, "query": 7}}, {"model": "quizmaster.queries", "pk": 8, "fields": {"range": 8, "quiz": 1, "query": 8}}, {"model": "quizmaster.queries", "pk": 9, "fields": {"range": 9, "quiz": 1, "query": 9}}, {"model": "quizmaster.queries", "pk": 10, "fields": {"range": 10, "quiz": 1, "query": 10}}, {"model": "quizmaster.queries", "pk": 11, "fields": {"range": 11, "quiz": 1, "query": 11}}, {"model": "quizmaster.queries", "pk": 12, "fields": {"range": 12, "quiz": 1, "query": 12}}, {"model": "quizmaster.queries", "pk": 13, "fields": {"range": 13, "quiz": 1, "query": 13}}, {"model": "quizmaster.queries", "pk": 14, "fields": {"range": 14, "quiz": 1, "query": 14}}, {"model": "quizmaster.queries", "pk": 15, "fields": {"range": 15, "quiz": 1, "query": 15}}, {"model": "quizmaster.queries", "pk": 16, "fields": {"range": 1, "quiz": 2, "query": 16}}, {"model": "quizmaster.queries", "pk": 17, "fields": {"range": 2, "quiz": 2, "query": 17}}, {"model": "quizmaster.queries", "pk": 18, "fields": {"range": 3, "quiz": 2, "query": 18}}, {"model": "quizmaster.queries", "pk": 19, "fields": {"range": 4, "quiz": 2, "query": 19}}, {"model": "quizmaster.queries", "pk": 20, "fields": {"range": 5, "quiz": 2, "query": 20}}, {"model": "quizmaster.queries", "pk": 21, "fields": {"range": 6, "quiz": 2, "query": 21}}, {"model": "quizmaster.queries", "pk": 22, "fields": {"range": 7, "quiz": 2, "query": 22}}, {"model": "quizmaster.queries", "pk": 23, "fields": {"range": 8, "quiz": 2, "query": 23}}, {"model": "quizmaster.queries", "pk": 24, "fields": {"range": 1, "quiz": 3, "query": 24}}, {"model": "quizmaster.queries", "pk": 25, "fields": {"range": 2, "quiz": 3, "query": 25}}, {"model": "quizmaster.queries", "pk": 26, "fields": {"range": 3, "quiz": 3, "query": 26}}, {"model": "quizmaster.queries", "pk": 27, "fields": {"range": 4, "quiz": 3, "query": 27}}, {"model": "quizmaster.queries", "pk": 28, "fields": {"range": 5, "quiz": 3, "query": 28}}, {"model": "quizmaster.queries", "pk": 29, "fields": {"range": 6, "quiz": 3, "query": 29}}, {"model": "quizmaster.queries", "pk": 30, "fields": {"range": 7, "quiz": 3, "query": 30}}, {"model": "quizmaster.queries", "pk": 31, "fields": {"range": 8, "quiz": 3, "query": 31}}, {"model": "quizmaster.queries", "pk": 32, "fields": {"range": 9, "quiz": 3, "query": 32}}, {"model": "quizmaster.queries", "pk": 33, "fields": {"range": 10, "quiz": 3, "query": 33}}, {"model": "quizmaster.queries", "pk": 34, "fields": {"range": 11, "quiz": 3, "query": 34}}, {"model": "quizmaster.queries", "pk": 35, "fields": {"range": 12, "quiz": 3, "query": 35}}, {"model": "quizmaster.queries", "pk": 36, "fields": {"range": 13, "quiz": 3, "query": 36}}, {"model": "quizmaster.queries", "pk": 37, "fields": {"range": 14, "quiz": 3, "query": 37}}, {"model": "quizmaster.queries", "pk": 38, "fields": {"range": 15, "quiz": 3, "query": 38}}, {"model": "quizmaster.queries", "pk": 39, "fields": {"range": 16, "quiz": 3, "query": 39}}, {"model": "quizmaster.queries", "pk": 40, "fields": {"range": 17, "quiz": 3, "query": 40}}, {"model": "quizmaster.queries", "pk": 41, "fields": {"range": 18, "quiz": 3, "query": 41}}, {"model": "quizmaster.queries", "pk": 42, "fields": {"range": 19, "quiz": 3, "query": 42}}, {"model": "quizmaster.queries", "pk": 43, "fields": {"range": 20, "quiz": 3, "query": 43}}, {"model": "quizmaster.queries", "pk": 44, "fields": {"range": 21, "quiz": 3, "query": 44}}, {"model": "quizmaster.queries", "pk": 45, "fields": {"range": 22, "quiz": 3, "query": 45}}, {"model": "quizmaster.queries", "pk": 46, "fields": {"range": 23, "quiz": 3, "query": 46}}, {"model": "quizmaster.queries", "pk": 47, "fields": {"range": 24, "quiz": 3, "query": 47}}, {"model": "quizmaster.queries", "pk": 48, "fields": {"range": 25, "quiz": 3, "query": 48}}, {"model": "quizmaster.queries", "pk": 49, "fields": {"range": 1, "quiz": 4, "query": 49}}, {"model": "quizmaster.queries", "pk": 50, "fields": {"range": 2, "quiz": 4, "query": 50}}, {"model": "quizmaster.queries", "pk": 51, "fields": {"range": 3, "quiz": 4, "query": 51}}, {"model": "quizmaster.queries", "pk": 52, "fields": {"range": 4, "quiz": 4, "query": 52}}, {"model": "quizmaster.queries", "pk": 53, "fields": {"range": 5, "quiz": 4, "query": 53}}, {"model": "quizmaster.queries", "pk": 54, "fields": {"range": 6, "quiz": 4, "query": 54}}, {"model": "quizmaster.queries", "pk": 55, "fields": {"range": 7, "quiz": 4, "query": 55}}, {"model": "quizmaster.queries", "pk": 56, "fields": {"range": 8, "quiz": 4, "query": 56}}, {"model": "quizmaster.queries", "pk": 57, "fields": {"range": 9, "quiz": 4, "query": 57}}, {"model": "quizmaster.queries", "pk": 58, "fields": {"range": 10, "quiz": 4, "query": 58}}, {"model": "quizmaster.queries", "pk": 59, "fields": {"range": 11, "quiz": 4, "query": 59}}, {"model": "quizmaster.queries", "pk": 60, "fields": {"range": 12, "quiz": 4, "query": 60}}, {"model": "quizmaster.queries", "pk": 61, "fields": {"range": 13, "quiz": 4, "query": 61}}, {"model": "quizmaster.queries", "pk": 62, "fields": {"range": 14, "quiz": 4, "query": 62}}, {"model": "quizmaster.session", "pk": 1, "fields": {"date": "2023-04-16T18:21:45.990", "owner": 1, "quiz": 4, "timeout": 10, "status": 3, "active": true, "rownumber": 14, "registered": 21}}, {"model": "quizmaster.session", "pk": 2, "fields": {"date": "2023-04-16T18:55:35.885", "owner": 1, "quiz": 1, "timeout": 10, "status": 3, "active": true, "rownumber": 15, "registered": 22}}, {"model": "quizmaster.session", "pk": 3, "fields": {"date": "2023-10-02T15:18:43.333", "owner": 1, "quiz": 2, "timeout": 10, "status": 1, "active": true, "rownumber": 0, "registered": 0}}, {"model": "quizmaster.session", "pk": 4, "fields": {"date": "2023-10-02T15:20:04.016", "owner": 1, "quiz": 2, "timeout": 10, "status": 1, "active": true, "rownumber": 0, "registered": 0}}, {"model": "quizmaster.session", "pk": 5, "fields": {"date": "2023-10-09T11:10:01.881", "owner": 1, "quiz": 4, "timeout": 10, "status": 3, "active": true, "rownumber": 14, "registered": 0}}, {"model": "quizmaster.session", "pk": 6, "fields": {"date": "2023-10-09T11:25:52.279", "owner": 1, "quiz": 4, "timeout": 10, "status": 1, "active": true, "rownumber": 0, "registered": 0}}, {"model": "quizmaster.session", "pk": 7, "fields": {"date": "2023-10-13T18:18:41.387", "owner": 1, "quiz": 2, "timeout": 10, "status": 1, "active": true, "rownumber": 0, "registered": 0}}, {"model": "quizmaster.session", "pk": 8, "fields": {"date": "2023-10-13T18:19:40.141", "owner": 1, "quiz": 2, "timeout": 10, "status": 1, "active": true, "rownumber": 0, "registered": 0}}, {"model": "quizmaster.session", "pk": 9, "fields": {"date": "2023-10-13T18:24:23.082", "owner": 1, "quiz": 2, "timeout": 10, "status": 1, "active": true, "rownumber": 0, "registered": 0}}, {"model": "quizmaster.session", "pk": 10, "fields": {"date": "2023-10-13T19:56:42.242", "owner": 1, "quiz": 2, "timeout": 10, "status": 1, "active": true, "rownumber": 0, "registered": 0}}, {"model": "quizmaster.session", "pk": 11, "fields": {"date": "2023-10-30T15:42:25.013", "owner": 1, "quiz": 2, "timeout": 10, "status": 3, "active": true, "rownumber": 8, "registered": 1}}, {"model": "quizmaster.session", "pk": 12, "fields": {"date": "2023-10-30T15:45:44.577", "owner": 1, "quiz": 4, "timeout": 10, "status": 3, "active": true, "rownumber": 14, "registered": 1}}, {"model": "quizmaster.session", "pk": 13, "fields": {"date": "2024-01-15T22:19:04.411", "owner": 1, "quiz": 2, "timeout": 10, "status": 1, "active": true, "rownumber": 0, "registered": 0}}, {"model": "quizmaster.session", "pk": 14, "fields": {"date": "2024-01-16T13:40:05.510", "owner": 1, "quiz": 4, "timeout": 10, "status": 3, "active": true, "rownumber": 14, "registered": 1}}, {"model": "quizmaster.session", "pk": 15, "fields": {"date": "2024-01-20T13:45:52.234", "owner": 2, "quiz": 2, "timeout": 10, "status": 3, "active": true, "rownumber": 8, "registered": 2}}, {"model": "quizmaster.session", "pk": 16, "fields": {"date": "2024-01-20T13:59:23.739", "owner": 2, "quiz": 4, "timeout": 10, "status": 3, "active": true, "rownumber": 14, "registered": 2}}, {"model": "quizmaster.session", "pk": 17, "fields": {"date": "2024-01-20T14:06:06.842", "owner": 2, "quiz": 4, "timeout": 10, "status": 1, "active": true, "rownumber": 0, "registered": 0}}, {"model": "quizmaster.reply", "pk": 1, "fields": {"session": 1, "user": 16, "range": 1, "response": 4, "result": false}}, {"model": "quizmaster.reply", "pk": 2, "fields": {"session": 1, "user": 16, "range": 2, "response": 3, "result": false}}, {"model": "quizmaster.reply", "pk": 3, "fields": {"session": 1, "user": 16, "range": 3, "response": 2, "result": true}}, {"model": "quizmaster.reply", "pk": 4, "fields": {"session": 1, "user": 16, "range": 4, "response": 4, "result": false}}, {"model": "quizmaster.reply", "pk": 5, "fields": {"session": 1, "user": 16, "range": 5, "response": 4, "result": false}}, {"model": "quizmaster.reply", "pk": 6, "fields": {"session": 1, "user": 16, "range": 6, "response": 4, "result": false}}, {"model": "quizmaster.reply", "pk": 7, "fields": {"session": 1, "user": 16, "range": 7, "response": 5, "result": true}}, {"model": "quizmaster.reply", "pk": 8, "fields": {"session": 1, "user": 16, "range": 8, "response": 2, "result": false}}, {"model": "quizmaster.reply", "pk": 9, "fields": {"session": 1, "user": 16, "range": 9, "response": 0, "result": false}}, {"model": "quizmaster.reply", "pk": 10, "fields": {"session": 1, "user": 16, "range": 10, "response": 0, "result": false}}, {"model": "quizmaster.reply", "pk": 11, "fields": {"session": 1, "user": 16, "range": 11, "response": 5, "result": false}}, {"model": "quizmaster.reply", "pk": 12, "fields": {"session": 1, "user": 16, "range": 12, "response": 2, "result": false}}, {"model": "quizmaster.reply", "pk": 13, "fields": {"session": 1, "user": 16, "range": 13, "response": 0, "result": true}}, {"model": "quizmaster.reply", "pk": 14, "fields": {"session": 1, "user": 16, "range": 14, "response": 3, "result": false}}, {"model": "quizmaster.reply", "pk": 15, "fields": {"session": 1, "user": 23, "range": 1, "response": 2, "result": false}}, {"model": "quizmaster.reply", "pk": 16, "fields": {"session": 1, "user": 23, "range": 2, "response": 5, "result": true}}, {"model": "quizmaster.reply", "pk": 17, "fields": {"session": 1, "user": 23, "range": 3, "response": 3, "result": false}}, {"model": "quizmaster.reply", "pk": 18, "fields": {"session": 1, "user": 23, "range": 4, "response": 5, "result": false}}, {"model": "quizmaster.reply", "pk": 19, "fields": {"session": 1, "user": 23, "range": 5, "response": 3, "result": false}}, {"model": "quizmaster.reply", "pk": 20, "fields": {"session": 1, "user": 23, "range": 6, "response": 2, "result": false}}, {"model": "quizmaster.reply", "pk": 21, "fields": {"session": 1, "user": 23, "range": 7, "response": 4, "result": false}}, {"model": "quizmaster.reply", "pk": 22, "fields": {"session": 1, "user": 23, "range": 8, "response": 5, "result": false}}, {"model": "quizmaster.reply", "pk": 23, "fields": {"session": 1, "user": 23, "range": 9, "response": 0, "result": false}}, {"model": "quizmaster.reply", "pk": 24, "fields": {"session": 1, "user": 23, "range": 10, "response": 1, "result": true}}, {"model": "quizmaster.reply", "pk": 25, "fields": {"session": 1, "user": 23, "range": 11, "response": 5, "result": false}}, {"model": "quizmaster.reply", "pk": 26, "fields": {"session": 1, "user": 23, "range": 12, "response": 5, "result": false}}, {"model": "quizmaster.reply", "pk": 27, "fields": {"session": 1, "user": 23, "range": 13, "response": 1, "result": false}}, {"model": "quizmaster.reply", "pk": 28, "fields": {"session": 1, "user": 23, "range": 14, "response": 3, "result": false}}, {"model": "quizmaster.reply", "pk": 29, "fields": {"session": 1, "user": 10, "range": 1, "response": 2, "result": false}}, {"model": "quizmaster.reply", "pk": 30, "fields": {"session": 1, "user": 10, "range": 2, "response": 5, "result": true}}, {"model": "quizmaster.reply", "pk": 31, "fields": {"session": 1, "user": 10, "range": 3, "response": 3, "result": false}}, {"model": "quizmaster.reply", "pk": 32, "fields": {"session": 1, "user": 10, "range": 4, "response": 5, "result": false}}, {"model": "quizmaster.reply", "pk": 33, "fields": {"session": 1, "user": 10, "range": 5, "response": 4, "result": false}}, {"model": "quizmaster.reply", "pk": 34, "fields": {"session": 1, "user": 10, "range": 6, "response": 2, "result": false}}, {"model": "quizmaster.reply", "pk": 35, "fields": {"session": 1, "user": 10, "range": 7, "response": 4, "result": false}}, {"model": "quizmaster.reply", "pk": 36, "fields": {"session": 1, "user": 10, "range": 8, "response": 5, "result": false}}, {"model": "quizmaster.reply", "pk": 37, "fields": {"session": 1, "user": 10, "range": 9, "response": 1, "result": true}}, {"model": "quizmaster.reply", "pk": 38, "fields": {"session": 1, "user": 10, "range": 10, "response": 0, "result": false}}, {"model": "quizmaster.reply", "pk": 39, "fields": {"session": 1, "user": 10, "range": 11, "response": 3, "result": true}}, {"model": "quizmaster.reply", "pk": 40, "fields": {"session": 1, "user": 10, "range": 12, "response": 5, "result": false}}, {"model": "quizmaster.reply", "pk": 41, "fields": {"session": 1, "user": 10, "range": 13, "response": 1, "result": false}}, {"model": "quizmaster.reply", "pk": 42, "fields": {"session": 1, "user": 10, "range": 14, "response": 3, "result": false}}, {"model": "quizmaster.reply", "pk": 43, "fields": {"session": 1, "user": 5, "range": 1, "response": 2, "result": false}}, {"model": "quizmaster.reply", "pk": 44, "fields": {"session": 1, "user": 5, "range": 2, "response": 4, "result": false}}, {"model": "quizmaster.reply", "pk": 45, "fields": {"session": 1, "user": 5, "range": 3, "response": 4, "result": false}}, {"model": "quizmaster.reply", "pk": 46, "fields": {"session": 1, "user": 5, "range": 4, "response": 3, "result": true}}, {"model": "quizmaster.reply", "pk": 47, "fields": {"session": 1, "user": 5, "range": 5, "response": 2, "result": true}}, {"model": "quizmaster.reply", "pk": 48, "fields": {"session": 1, "user": 5, "range": 6, "response": 3, "result": true}}, {"model": "quizmaster.reply", "pk": 49, "fields": {"session": 1, "user": 5, "range": 7, "response": 5, "result": true}}, {"model": "quizmaster.reply", "pk": 50, "fields": {"session": 1, "user": 5, "range": 8, "response": 3, "result": true}}, {"model": "quizmaster.reply", "pk": 51, "fields": {"session": 1, "user": 5, "range": 9, "response": 1, "result": true}}, {"model": "quizmaster.reply", "pk": 52, "fields": {"session": 1, "user": 5, "range": 10, "response": 0, "result": false}}, {"model": "quizmaster.reply", "pk": 53, "fields": {"session": 1, "user": 5, "range": 11, "response": 2, "result": false}}, {"model": "quizmaster.reply", "pk": 54, "fields": {"session": 1, "user": 5, "range": 12, "response": 3, "result": true}}, {"model": "quizmaster.reply", "pk": 55, "fields": {"session": 1, "user": 5, "range": 13, "response": 0, "result": true}}, {"model": "quizmaster.reply", "pk": 56, "fields": {"session": 1, "user": 5, "range": 14, "response": 3, "result": false}}, {"model": "quizmaster.reply", "pk": 57, "fields": {"session": 1, "user": 7, "range": 1, "response": 2, "result": false}}, {"model": "quizmaster.reply", "pk": 58, "fields": {"session": 1, "user": 7, "range": 2, "response": 2, "result": false}}, {"model": "quizmaster.reply", "pk": 59, "fields": {"session": 1, "user": 7, "range": 3, "response": 3, "result": false}}, {"model": "quizmaster.reply", "pk": 60, "fields": {"session": 1, "user": 7, "range": 4, "response": 3, "result": true}}, {"model": "quizmaster.reply", "pk": 61, "fields": {"session": 1, "user": 7, "range": 5, "response": 3, "result": false}}, {"model": "quizmaster.reply", "pk": 62, "fields": {"session": 1, "user": 7, "range": 6, "response": 3, "result": true}}, {"model": "quizmaster.reply", "pk": 63, "fields": {"session": 1, "user": 7, "range": 7, "response": 5, "result": true}}, {"model": "quizmaster.reply", "pk": 64, "fields": {"session": 1, "user": 7, "range": 8, "response": 4, "result": false}}, {"model": "quizmaster.reply", "pk": 65, "fields": {"session": 1, "user": 7, "range": 9, "response": 1, "result": true}}, {"model": "quizmaster.reply", "pk": 66, "fields": {"session": 1, "user": 7, "range": 10, "response": 1, "result": true}}, {"model": "quizmaster.reply", "pk": 67, "fields": {"session": 1, "user": 7, "range": 11, "response": 5, "result": false}}, {"model": "quizmaster.reply", "pk": 68, "fields": {"session": 1, "user": 7, "range": 12, "response": 4, "result": false}}, {"model": "quizmaster.reply", "pk": 69, "fields": {"session": 1, "user": 7, "range": 13, "response": 1, "result": false}}, {"model": "quizmaster.reply", "pk": 70, "fields": {"session": 1, "user": 7, "range": 14, "response": 2, "result": true}}, {"model": "quizmaster.reply", "pk": 71, "fields": {"session": 1, "user": 19, "range": 1, "response": 3, "result": true}}, {"model": "quizmaster.reply", "pk": 72, "fields": {"session": 1, "user": 19, "range": 2, "response": 3, "result": false}}, {"model": "quizmaster.reply", "pk": 73, "fields": {"session": 1, "user": 19, "range": 3, "response": 4, "result": false}}, {"model": "quizmaster.reply", "pk": 74, "fields": {"session": 1, "user": 19, "range": 4, "response": 5, "result": false}}, {"model": "quizmaster.reply", "pk": 75, "fields": {"session": 1, "user": 19, "range": 5, "response": 4, "result": false}}, {"model": "quizmaster.reply", "pk": 76, "fields": {"session": 1, "user": 19, "range": 6, "response": 2, "result": false}}, {"model": "quizmaster.reply", "pk": 77, "fields": {"session": 1, "user": 19, "range": 7, "response": 5, "result": true}}, {"model": "quizmaster.reply", "pk": 78, "fields": {"session": 1, "user": 19, "range": 8, "response": 2, "result": false}}, {"model": "quizmaster.reply", "pk": 79, "fields": {"session": 1, "user": 19, "range": 9, "response": 1, "result": true}}, {"model": "quizmaster.reply", "pk": 80, "fields": {"session": 1, "user": 19, "range": 10, "response": 0, "result": false}}, {"model": "quizmaster.reply", "pk": 81, "fields": {"session": 1, "user": 19, "range": 11, "response": 4, "result": false}}, {"model": "quizmaster.reply", "pk": 82, "fields": {"session": 1, "user": 19, "range": 12, "response": 5, "result": false}}, {"model": "quizmaster.reply", "pk": 83, "fields": {"session": 1, "user": 19, "range": 13, "response": 0, "result": true}}, {"model": "quizmaster.reply", "pk": 84, "fields": {"session": 1, "user": 19, "range": 14, "response": 3, "result": false}}, {"model": "quizmaster.reply", "pk": 85, "fields": {"session": 1, "user": 13, "range": 1, "response": 5, "result": false}}, {"model": "quizmaster.reply", "pk": 86, "fields": {"session": 1, "user": 13, "range": 2, "response": 3, "result": false}}, {"model": "quizmaster.reply", "pk": 87, "fields": {"session": 1, "user": 13, "range": 3, "response": 5, "result": false}}, {"model": "quizmaster.reply", "pk": 88, "fields": {"session": 1, "user": 13, "range": 4, "response": 5, "result": false}}, {"model": "quizmaster.reply", "pk": 89, "fields": {"session": 1, "user": 13, "range": 5, "response": 4, "result": false}}, {"model": "quizmaster.reply", "pk": 90, "fields": {"session": 1, "user": 13, "range": 6, "response": 4, "result": false}}, {"model": "quizmaster.reply", "pk": 91, "fields": {"session": 1, "user": 13, "range": 7, "response": 2, "result": false}}, {"model": "quizmaster.reply", "pk": 92, "fields": {"session": 1, "user": 13, "range": 8, "response": 4, "result": false}}, {"model": "quizmaster.reply", "pk": 93, "fields": {"session": 1, "user": 13, "range": 9, "response": 1, "result": true}}, {"model": "quizmaster.reply", "pk": 94, "fields": {"session": 1, "user": 13, "range": 10, "response": 1, "result": true}}, {"model": "quizmaster.reply", "pk": 95, "fields": {"session": 1, "user": 13, "range": 11, "response": 5, "result": false}}, {"model": "quizmaster.reply", "pk": 96, "fields": {"session": 1, "user": 13, "range": 12, "response": 4, "result": false}}, {"model": "quizmaster.reply", "pk": 97, "fields": {"session": 1, "user": 13, "range": 13, "response": 1, "result": false}}, {"model": "quizmaster.reply", "pk": 98, "fields": {"session": 1, "user": 13, "range": 14, "response": 2, "result": true}}, {"model": "quizmaster.reply", "pk": 99, "fields": {"session": 1, "user": 12, "range": 1, "response": 3, "result": true}}, {"model": "quizmaster.reply", "pk": 100, "fields": {"session": 1, "user": 12, "range": 2, "response": 3, "result": false}}, {"model": "quizmaster.reply", "pk": 101, "fields": {"session": 1, "user": 12, "range": 3, "response": 4, "result": false}}, {"model": "quizmaster.reply", "pk": 102, "fields": {"session": 1, "user": 12, "range": 4, "response": 5, "result": false}}, {"model": "quizmaster.reply", "pk": 103, "fields": {"session": 1, "user": 12, "range": 5, "response": 3, "result": false}}, {"model": "quizmaster.reply", "pk": 104, "fields": {"session": 1, "user": 12, "range": 6, "response": 3, "result": true}}, {"model": "quizmaster.reply", "pk": 105, "fields": {"session": 1, "user": 12, "range": 7, "response": 5, "result": true}}, {"model": "quizmaster.reply", "pk": 106, "fields": {"session": 1, "user": 12, "range": 8, "response": 3, "result": true}}, {"model": "quizmaster.reply", "pk": 107, "fields": {"session": 1, "user": 12, "range": 9, "response": 1, "result": true}}, {"model": "quizmaster.reply", "pk": 108, "fields": {"session": 1, "user": 12, "range": 10, "response": 0, "result": false}}, {"model": "quizmaster.reply", "pk": 109, "fields": {"session": 1, "user": 12, "range": 11, "response": 5, "result": false}}, {"model": "quizmaster.reply", "pk": 110, "fields": {"session": 1, "user": 12, "range": 12, "response": 4, "result": false}}, {"model": "quizmaster.reply", "pk": 111, "fields": {"session": 1, "user": 12, "range": 13, "response": 1, "result": false}}, {"model": "quizmaster.reply", "pk": 112, "fields": {"session": 1, "user": 12, "range": 14, "response": 3, "result": false}}, {"model": "quizmaster.reply", "pk": 113, "fields": {"session": 1, "user": 15, "range": 1, "response": 5, "result": false}}, {"model": "quizmaster.reply", "pk": 114, "fields": {"session": 1, "user": 15, "range": 2, "response": 5, "result": true}}, {"model": "quizmaster.reply", "pk": 115, "fields": {"session": 1, "user": 15, "range": 3, "response": 4, "result": false}}, {"model": "quizmaster.reply", "pk": 116, "fields": {"session": 1, "user": 15, "range": 4, "response": 2, "result": false}}, {"model": "quizmaster.reply", "pk": 117, "fields": {"session": 1, "user": 15, "range": 5, "response": 2, "result": true}}, {"model": "quizmaster.reply", "pk": 118, "fields": {"session": 1, "user": 15, "range": 6, "response": 3, "result": true}}, {"model": "quizmaster.reply", "pk": 119, "fields": {"session": 1, "user": 15, "range": 7, "response": 4, "result": false}}, {"model": "quizmaster.reply", "pk": 120, "fields": {"session": 1, "user": 15, "range": 8, "response": 5, "result": false}}, {"model": "quizmaster.reply", "pk": 121, "fields": {"session": 1, "user": 15, "range": 9, "response": 0, "result": false}}, {"model": "quizmaster.reply", "pk": 122, "fields": {"session": 1, "user": 15, "range": 10, "response": 1, "result": true}}, {"model": "quizmaster.reply", "pk": 123, "fields": {"session": 1, "user": 15, "range": 11, "response": 3, "result": true}}, {"model": "quizmaster.reply", "pk": 124, "fields": {"session": 1, "user": 15, "range": 12, "response": 3, "result": true}}, {"model": "quizmaster.reply", "pk": 125, "fields": {"session": 1, "user": 15, "range": 13, "response": 1, "result": false}}, {"model": "quizmaster.reply", "pk": 126, "fields": {"session": 1, "user": 15, "range": 14, "response": 4, "result": false}}, {"model": "quizmaster.reply", "pk": 127, "fields": {"session": 1, "user": 11, "range": 1, "response": 3, "result": true}}, {"model": "quizmaster.reply", "pk": 128, "fields": {"session": 1, "user": 11, "range": 2, "response": 4, "result": false}}, {"model": "quizmaster.reply", "pk": 129, "fields": {"session": 1, "user": 11, "range": 3, "response": 2, "result": true}}, {"model": "quizmaster.reply", "pk": 130, "fields": {"session": 1, "user": 11, "range": 4, "response": 2, "result": false}}, {"model": "quizmaster.reply", "pk": 131, "fields": {"session": 1, "user": 11, "range": 5, "response": 4, "result": false}}, {"model": "quizmaster.reply", "pk": 132, "fields": {"session": 1, "user": 11, "range": 6, "response": 4, "result": false}}, {"model": "quizmaster.reply", "pk": 133, "fields": {"session": 1, "user": 11, "range": 7, "response": 5, "result": true}}, {"model": "quizmaster.reply", "pk": 134, "fields": {"session": 1, "user": 11, "range": 8, "response": 2, "result": false}}, {"model": "quizmaster.reply", "pk": 135, "fields": {"session": 1, "user": 11, "range": 9, "response": 1, "result": true}}, {"model": "quizmaster.reply", "pk": 136, "fields": {"session": 1, "user": 11, "range": 10, "response": 0, "result": false}}, {"model": "quizmaster.reply", "pk": 137, "fields": {"session": 1, "user": 11, "range": 11, "response": 5, "result": false}}, {"model": "quizmaster.reply", "pk": 138, "fields": {"session": 1, "user": 11, "range": 12, "response": 5, "result": false}}, {"model": "quizmaster.reply", "pk": 139, "fields": {"session": 1, "user": 11, "range": 13, "response": 0, "result": true}}, {"model": "quizmaster.reply", "pk": 140, "fields": {"session": 1, "user": 11, "range": 14, "response": 5, "result": false}}, {"model": "quizmaster.reply", "pk": 141, "fields": {"session": 1, "user": 20, "range": 1, "response": 4, "result": false}}, {"model": "quizmaster.reply", "pk": 142, "fields": {"session": 1, "user": 20, "range": 2, "response": 3, "result": false}}, {"model": "quizmaster.reply", "pk": 143, "fields": {"session": 1, "user": 20, "range": 3, "response": 4, "result": false}}, {"model": "quizmaster.reply", "pk": 144, "fields": {"session": 1, "user": 20, "range": 4, "response": 2, "result": false}}, {"model": "quizmaster.reply", "pk": 145, "fields": {"session": 1, "user": 20, "range": 5, "response": 4, "result": false}}, {"model": "quizmaster.reply", "pk": 146, "fields": {"session": 1, "user": 20, "range": 6, "response": 4, "result": false}}, {"model": "quizmaster.reply", "pk": 147, "fields": {"session": 1, "user": 20, "range": 7, "response": 2, "result": false}}, {"model": "quizmaster.reply", "pk": 148, "fields": {"session": 1, "user": 20, "range": 8, "response": 5, "result": false}}, {"model": "quizmaster.reply", "pk": 149, "fields": {"session": 1, "user": 20, "range": 9, "response": 1, "result": true}}, {"model": "quizmaster.reply", "pk": 150, "fields": {"session": 1, "user": 20, "range": 10, "response": 1, "result": true}}, {"model": "quizmaster.reply", "pk": 151, "fields": {"session": 1, "user": 20, "range": 11, "response": 4, "result": false}}, {"model": "quizmaster.reply", "pk": 152, "fields": {"session": 1, "user": 20, "range": 12, "response": 3, "result": true}}, {"model": "quizmaster.reply", "pk": 153, "fields": {"session": 1, "user": 20, "range": 13, "response": 1, "result": false}}, {"model": "quizmaster.reply", "pk": 154, "fields": {"session": 1, "user": 20, "range": 14, "response": 3, "result": false}}, {"model": "quizmaster.reply", "pk": 155, "fields": {"session": 1, "user": 8, "range": 1, "response": 5, "result": false}}, {"model": "quizmaster.reply", "pk": 156, "fields": {"session": 1, "user": 8, "range": 2, "response": 4, "result": false}}, {"model": "quizmaster.reply", "pk": 157, "fields": {"session": 1, "user": 8, "range": 3, "response": 5, "result": false}}, {"model": "quizmaster.reply", "pk": 158, "fields": {"session": 1, "user": 8, "range": 4, "response": 3, "result": true}}, {"model": "quizmaster.reply", "pk": 159, "fields": {"session": 1, "user": 8, "range": 5, "response": 3, "result": false}}, {"model": "quizmaster.reply", "pk": 160, "fields": {"session": 1, "user": 8, "range": 6, "response": 3, "result": true}}, {"model": "quizmaster.reply", "pk": 161, "fields": {"session": 1, "user": 8, "range": 7, "response": 3, "result": false}}, {"model": "quizmaster.reply", "pk": 162, "fields": {"session": 1, "user": 8, "range": 8, "response": 5, "result": false}}, {"model": "quizmaster.reply", "pk": 163, "fields": {"session": 1, "user": 8, "range": 9, "response": 0, "result": false}}, {"model": "quizmaster.reply", "pk": 164, "fields": {"session": 1, "user": 8, "range": 10, "response": 1, "result": true}}, {"model": "quizmaster.reply", "pk": 165, "fields": {"session": 1, "user": 8, "range": 11, "response": 3, "result": true}}, {"model": "quizmaster.reply", "pk": 166, "fields": {"session": 1, "user": 8, "range": 12, "response": 5, "result": false}}, {"model": "quizmaster.reply", "pk": 167, "fields": {"session": 1, "user": 8, "range": 13, "response": 0, "result": true}}, {"model": "quizmaster.reply", "pk": 168, "fields": {"session": 1, "user": 8, "range": 14, "response": 2, "result": true}}, {"model": "quizmaster.reply", "pk": 169, "fields": {"session": 1, "user": 18, "range": 1, "response": 5, "result": false}}, {"model": "quizmaster.reply", "pk": 170, "fields": {"session": 1, "user": 18, "range": 2, "response": 2, "result": false}}, {"model": "quizmaster.reply", "pk": 171, "fields": {"session": 1, "user": 18, "range": 3, "response": 4, "result": false}}, {"model": "quizmaster.reply", "pk": 172, "fields": {"session": 1, "user": 18, "range": 4, "response": 3, "result": true}}, {"model": "quizmaster.reply", "pk": 173, "fields": {"session": 1, "user": 18, "range": 5, "response": 2, "result": true}}, {"model": "quizmaster.reply", "pk": 174, "fields": {"session": 1, "user": 18, "range": 6, "response": 5, "result": false}}, {"model": "quizmaster.reply", "pk": 175, "fields": {"session": 1, "user": 18, "range": 7, "response": 4, "result": false}}, {"model": "quizmaster.reply", "pk": 176, "fields": {"session": 1, "user": 18, "range": 8, "response": 3, "result": true}}, {"model": "quizmaster.reply", "pk": 177, "fields": {"session": 1, "user": 18, "range": 9, "response": 0, "result": false}}, {"model": "quizmaster.reply", "pk": 178, "fields": {"session": 1, "user": 18, "range": 10, "response": 1, "result": true}}, {"model": "quizmaster.reply", "pk": 179, "fields": {"session": 1, "user": 18, "range": 11, "response": 3, "result": true}}, {"model": "quizmaster.reply", "pk": 180, "fields": {"session": 1, "user": 18, "range": 12, "response": 2, "result": false}}, {"model": "quizmaster.reply", "pk": 181, "fields": {"session": 1, "user": 18, "range": 13, "response": 0, "result": true}}, {"model": "quizmaster.reply", "pk": 182, "fields": {"session": 1, "user": 18, "range": 14, "response": 5, "result": false}}, {"model": "quizmaster.reply", "pk": 183, "fields": {"session": 1, "user": 22, "range": 1, "response": 3, "result": true}}, {"model": "quizmaster.reply", "pk": 184, "fields": {"session": 1, "user": 22, "range": 2, "response": 2, "result": false}}, {"model": "quizmaster.reply", "pk": 185, "fields": {"session": 1, "user": 22, "range": 3, "response": 5, "result": false}}, {"model": "quizmaster.reply", "pk": 186, "fields": {"session": 1, "user": 22, "range": 4, "response": 2, "result": false}}, {"model": "quizmaster.reply", "pk": 187, "fields": {"session": 1, "user": 22, "range": 5, "response": 3, "result": false}}, {"model": "quizmaster.reply", "pk": 188, "fields": {"session": 1, "user": 22, "range": 6, "response": 4, "result": false}}, {"model": "quizmaster.reply", "pk": 189, "fields": {"session": 1, "user": 22, "range": 7, "response": 3, "result": false}}, {"model": "quizmaster.reply", "pk": 190, "fields": {"session": 1, "user": 22, "range": 8, "response": 2, "result": false}}, {"model": "quizmaster.reply", "pk": 191, "fields": {"session": 1, "user": 22, "range": 9, "response": 1, "result": true}}, {"model": "quizmaster.reply", "pk": 192, "fields": {"session": 1, "user": 22, "range": 10, "response": 1, "result": true}}, {"model": "quizmaster.reply", "pk": 193, "fields": {"session": 1, "user": 22, "range": 11, "response": 2, "result": false}}, {"model": "quizmaster.reply", "pk": 194, "fields": {"session": 1, "user": 22, "range": 12, "response": 3, "result": true}}, {"model": "quizmaster.reply", "pk": 195, "fields": {"session": 1, "user": 22, "range": 13, "response": 0, "result": true}}, {"model": "quizmaster.reply", "pk": 196, "fields": {"session": 1, "user": 22, "range": 14, "response": 4, "result": false}}, {"model": "quizmaster.reply", "pk": 197, "fields": {"session": 1, "user": 9, "range": 1, "response": 3, "result": true}}, {"model": "quizmaster.reply", "pk": 198, "fields": {"session": 1, "user": 9, "range": 2, "response": 2, "result": false}}, {"model": "quizmaster.reply", "pk": 199, "fields": {"session": 1, "user": 9, "range": 3, "response": 4, "result": false}}, {"model": "quizmaster.reply", "pk": 200, "fields": {"session": 1, "user": 9, "range": 4, "response": 2, "result": false}}, {"model": "quizmaster.reply", "pk": 201, "fields": {"session": 1, "user": 9, "range": 5, "response": 5, "result": false}}, {"model": "quizmaster.reply", "pk": 202, "fields": {"session": 1, "user": 9, "range": 6, "response": 5, "result": false}}, {"model": "quizmaster.reply", "pk": 203, "fields": {"session": 1, "user": 9, "range": 7, "response": 5, "result": true}}, {"model": "quizmaster.reply", "pk": 204, "fields": {"session": 1, "user": 9, "range": 8, "response": 2, "result": false}}, {"model": "quizmaster.reply", "pk": 205, "fields": {"session": 1, "user": 9, "range": 9, "response": 0, "result": false}}, {"model": "quizmaster.reply", "pk": 206, "fields": {"session": 1, "user": 9, "range": 10, "response": 1, "result": true}}, {"model": "quizmaster.reply", "pk": 207, "fields": {"session": 1, "user": 9, "range": 11, "response": 4, "result": false}}, {"model": "quizmaster.reply", "pk": 208, "fields": {"session": 1, "user": 9, "range": 12, "response": 4, "result": false}}, {"model": "quizmaster.reply", "pk": 209, "fields": {"session": 1, "user": 9, "range": 13, "response": 0, "result": true}}, {"model": "quizmaster.reply", "pk": 210, "fields": {"session": 1, "user": 9, "range": 14, "response": 3, "result": false}}, {"model": "quizmaster.reply", "pk": 211, "fields": {"session": 1, "user": 14, "range": 1, "response": 4, "result": false}}, {"model": "quizmaster.reply", "pk": 212, "fields": {"session": 1, "user": 14, "range": 2, "response": 4, "result": false}}, {"model": "quizmaster.reply", "pk": 213, "fields": {"session": 1, "user": 14, "range": 3, "response": 2, "result": true}}, {"model": "quizmaster.reply", "pk": 214, "fields": {"session": 1, "user": 14, "range": 4, "response": 2, "result": false}}, {"model": "quizmaster.reply", "pk": 215, "fields": {"session": 1, "user": 14, "range": 5, "response": 4, "result": false}}, {"model": "quizmaster.reply", "pk": 216, "fields": {"session": 1, "user": 14, "range": 6, "response": 2, "result": false}}, {"model": "quizmaster.reply", "pk": 217, "fields": {"session": 1, "user": 14, "range": 7, "response": 5, "result": true}}, {"model": "quizmaster.reply", "pk": 218, "fields": {"session": 1, "user": 14, "range": 8, "response": 4, "result": false}}, {"model": "quizmaster.reply", "pk": 219, "fields": {"session": 1, "user": 14, "range": 9, "response": 1, "result": true}}, {"model": "quizmaster.reply", "pk": 220, "fields": {"session": 1, "user": 14, "range": 10, "response": 1, "result": true}}, {"model": "quizmaster.reply", "pk": 221, "fields": {"session": 1, "user": 14, "range": 11, "response": 3, "result": true}}, {"model": "quizmaster.reply", "pk": 222, "fields": {"session": 1, "user": 14, "range": 12, "response": 5, "result": false}}, {"model": "quizmaster.reply", "pk": 223, "fields": {"session": 1, "user": 14, "range": 13, "response": 1, "result": false}}, {"model": "quizmaster.reply", "pk": 224, "fields": {"session": 1, "user": 14, "range": 14, "response": 3, "result": false}}, {"model": "quizmaster.reply", "pk": 225, "fields": {"session": 1, "user": 21, "range": 1, "response": 3, "result": true}}, {"model": "quizmaster.reply", "pk": 226, "fields": {"session": 1, "user": 21, "range": 2, "response": 3, "result": false}}, {"model": "quizmaster.reply", "pk": 227, "fields": {"session": 1, "user": 21, "range": 3, "response": 2, "result": true}}, {"model": "quizmaster.reply", "pk": 228, "fields": {"session": 1, "user": 21, "range": 4, "response": 2, "result": false}}, {"model": "quizmaster.reply", "pk": 229, "fields": {"session": 1, "user": 21, "range": 5, "response": 2, "result": true}}, {"model": "quizmaster.reply", "pk": 230, "fields": {"session": 1, "user": 21, "range": 6, "response": 4, "result": false}}, {"model": "quizmaster.reply", "pk": 231, "fields": {"session": 1, "user": 21, "range": 7, "response": 3, "result": false}}, {"model": "quizmaster.reply", "pk": 232, "fields": {"session": 1, "user": 21, "range": 8, "response": 2, "result": false}}, {"model": "quizmaster.reply", "pk": 233, "fields": {"session": 1, "user": 21, "range": 9, "response": 1, "result": true}}, {"model": "quizmaster.reply", "pk": 234, "fields": {"session": 1, "user": 21, "range": 10, "response": 1, "result": true}}, {"model": "quizmaster.reply", "pk": 235, "fields": {"session": 1, "user": 21, "range": 11, "response": 2, "result": false}}, {"model": "quizmaster.reply", "pk": 236, "fields": {"session": 1, "user": 21, "range": 12, "response": 5, "result": false}}, {"model": "quizmaster.reply", "pk": 237, "fields": {"session": 1, "user": 21, "range": 13, "response": 1, "result": false}}, {"model": "quizmaster.reply", "pk": 238, "fields": {"session": 1, "user": 21, "range": 14, "response": 2, "result": true}}, {"model": "quizmaster.reply", "pk": 239, "fields": {"session": 1, "user": 17, "range": 1, "response": 5, "result": false}}, {"model": "quizmaster.reply", "pk": 240, "fields": {"session": 1, "user": 17, "range": 2, "response": 2, "result": false}}, {"model": "quizmaster.reply", "pk": 241, "fields": {"session": 1, "user": 17, "range": 3, "response": 4, "result": false}}, {"model": "quizmaster.reply", "pk": 242, "fields": {"session": 1, "user": 17, "range": 4, "response": 5, "result": false}}, {"model": "quizmaster.reply", "pk": 243, "fields": {"session": 1, "user": 17, "range": 5, "response": 4, "result": false}}, {"model": "quizmaster.reply", "pk": 244, "fields": {"session": 1, "user": 17, "range": 6, "response": 3, "result": true}}, {"model": "quizmaster.reply", "pk": 245, "fields": {"session": 1, "user": 17, "range": 7, "response": 3, "result": false}}, {"model": "quizmaster.reply", "pk": 246, "fields": {"session": 1, "user": 17, "range": 8, "response": 4, "result": false}}, {"model": "quizmaster.reply", "pk": 247, "fields": {"session": 1, "user": 17, "range": 9, "response": 1, "result": true}}, {"model": "quizmaster.reply", "pk": 248, "fields": {"session": 1, "user": 17, "range": 10, "response": 1, "result": true}}, {"model": "quizmaster.reply", "pk": 249, "fields": {"session": 1, "user": 17, "range": 11, "response": 4, "result": false}}, {"model": "quizmaster.reply", "pk": 250, "fields": {"session": 1, "user": 17, "range": 12, "response": 4, "result": false}}, {"model": "quizmaster.reply", "pk": 251, "fields": {"session": 1, "user": 17, "range": 13, "response": 0, "result": true}}, {"model": "quizmaster.reply", "pk": 252, "fields": {"session": 1, "user": 17, "range": 14, "response": 2, "result": true}}, {"model": "quizmaster.reply", "pk": 253, "fields": {"session": 1, "user": 6, "range": 1, "response": 5, "result": false}}, {"model": "quizmaster.reply", "pk": 254, "fields": {"session": 1, "user": 6, "range": 2, "response": 2, "result": false}}, {"model": "quizmaster.reply", "pk": 255, "fields": {"session": 1, "user": 6, "range": 3, "response": 2, "result": true}}, {"model": "quizmaster.reply", "pk": 256, "fields": {"session": 1, "user": 6, "range": 4, "response": 5, "result": false}}, {"model": "quizmaster.reply", "pk": 257, "fields": {"session": 1, "user": 6, "range": 5, "response": 3, "result": false}}, {"model": "quizmaster.reply", "pk": 258, "fields": {"session": 1, "user": 6, "range": 6, "response": 5, "result": false}}, {"model": "quizmaster.reply", "pk": 259, "fields": {"session": 1, "user": 6, "range": 7, "response": 5, "result": true}}, {"model": "quizmaster.reply", "pk": 260, "fields": {"session": 1, "user": 6, "range": 8, "response": 5, "result": false}}, {"model": "quizmaster.reply", "pk": 261, "fields": {"session": 1, "user": 6, "range": 9, "response": 0, "result": false}}, {"model": "quizmaster.reply", "pk": 262, "fields": {"session": 1, "user": 6, "range": 10, "response": 1, "result": true}}, {"model": "quizmaster.reply", "pk": 263, "fields": {"session": 1, "user": 6, "range": 11, "response": 2, "result": false}}, {"model": "quizmaster.reply", "pk": 264, "fields": {"session": 1, "user": 6, "range": 12, "response": 2, "result": false}}, {"model": "quizmaster.reply", "pk": 265, "fields": {"session": 1, "user": 6, "range": 13, "response": 1, "result": false}}, {"model": "quizmaster.reply", "pk": 266, "fields": {"session": 1, "user": 6, "range": 14, "response": 2, "result": true}}, {"model": "quizmaster.reply", "pk": 267, "fields": {"session": 1, "user": 25, "range": 1, "response": 3, "result": true}}, {"model": "quizmaster.reply", "pk": 268, "fields": {"session": 1, "user": 25, "range": 2, "response": 5, "result": true}}, {"model": "quizmaster.reply", "pk": 269, "fields": {"session": 1, "user": 25, "range": 3, "response": 2, "result": true}}, {"model": "quizmaster.reply", "pk": 270, "fields": {"session": 1, "user": 25, "range": 4, "response": 3, "result": true}}, {"model": "quizmaster.reply", "pk": 271, "fields": {"session": 1, "user": 25, "range": 5, "response": 5, "result": false}}, {"model": "quizmaster.reply", "pk": 272, "fields": {"session": 1, "user": 25, "range": 6, "response": 3, "result": true}}, {"model": "quizmaster.reply", "pk": 273, "fields": {"session": 1, "user": 25, "range": 7, "response": 5, "result": true}}, {"model": "quizmaster.reply", "pk": 274, "fields": {"session": 1, "user": 25, "range": 8, "response": 3, "result": true}}, {"model": "quizmaster.reply", "pk": 275, "fields": {"session": 1, "user": 25, "range": 9, "response": 1, "result": true}}, {"model": "quizmaster.reply", "pk": 276, "fields": {"session": 1, "user": 25, "range": 10, "response": 1, "result": true}}, {"model": "quizmaster.reply", "pk": 277, "fields": {"session": 1, "user": 25, "range": 11, "response": 3, "result": true}}, {"model": "quizmaster.reply", "pk": 278, "fields": {"session": 1, "user": 25, "range": 12, "response": 3, "result": true}}, {"model": "quizmaster.reply", "pk": 279, "fields": {"session": 1, "user": 25, "range": 13, "response": 0, "result": true}}, {"model": "quizmaster.reply", "pk": 280, "fields": {"session": 1, "user": 25, "range": 14, "response": 2, "result": true}}, {"model": "quizmaster.reply", "pk": 281, "fields": {"session": 1, "user": 24, "range": 1, "response": 3, "result": true}}, {"model": "quizmaster.reply", "pk": 282, "fields": {"session": 1, "user": 24, "range": 2, "response": 99, "result": false}}, {"model": "quizmaster.reply", "pk": 283, "fields": {"session": 1, "user": 24, "range": 3, "response": 2, "result": true}}, {"model": "quizmaster.reply", "pk": 284, "fields": {"session": 1, "user": 24, "range": 4, "response": 3, "result": true}}, {"model": "quizmaster.reply", "pk": 285, "fields": {"session": 1, "user": 24, "range": 5, "response": 2, "result": true}}, {"model": "quizmaster.reply", "pk": 286, "fields": {"session": 1, "user": 24, "range": 6, "response": 3, "result": true}}, {"model": "quizmaster.reply", "pk": 287, "fields": {"session": 1, "user": 24, "range": 7, "response": 5, "result": true}}, {"model": "quizmaster.reply", "pk": 288, "fields": {"session": 1, "user": 24, "range": 8, "response": 3, "result": true}}, {"model": "quizmaster.reply", "pk": 289, "fields": {"session": 1, "user": 24, "range": 9, "response": 1, "result": true}}, {"model": "quizmaster.reply", "pk": 290, "fields": {"session": 1, "user": 24, "range": 10, "response": 1, "result": true}}, {"model": "quizmaster.reply", "pk": 291, "fields": {"session": 1, "user": 24, "range": 11, "response": 3, "result": true}}, {"model": "quizmaster.reply", "pk": 292, "fields": {"session": 1, "user": 24, "range": 12, "response": 3, "result": true}}, {"model": "quizmaster.reply", "pk": 293, "fields": {"session": 1, "user": 24, "range": 13, "response": 0, "result": true}}, {"model": "quizmaster.reply", "pk": 294, "fields": {"session": 1, "user": 24, "range": 14, "response": 2, "result": true}}, {"model": "quizmaster.reply", "pk": 295, "fields": {"session": 2, "user": 16, "range": 1, "response": 1, "result": true}}, {"model": "quizmaster.reply", "pk": 296, "fields": {"session": 2, "user": 16, "range": 2, "response": 1, "result": false}}, {"model": "quizmaster.reply", "pk": 297, "fields": {"session": 2, "user": 16, "range": 3, "response": 0, "result": false}}, {"model": "quizmaster.reply", "pk": 298, "fields": {"session": 2, "user": 16, "range": 4, "response": 0, "result": false}}, {"model": "quizmaster.reply", "pk": 299, "fields": {"session": 2, "user": 16, "range": 5, "response": 0, "result": false}}, {"model": "quizmaster.reply", "pk": 300, "fields": {"session": 2, "user": 16, "range": 6, "response": 1, "result": false}}, {"model": "quizmaster.reply", "pk": 301, "fields": {"session": 2, "user": 16, "range": 7, "response": 1, "result": true}}, {"model": "quizmaster.reply", "pk": 302, "fields": {"session": 2, "user": 16, "range": 8, "response": 0, "result": false}}, {"model": "quizmaster.reply", "pk": 303, "fields": {"session": 2, "user": 16, "range": 9, "response": 1, "result": true}}, {"model": "quizmaster.reply", "pk": 304, "fields": {"session": 2, "user": 16, "range": 10, "response": 1, "result": true}}, {"model": "quizmaster.reply", "pk": 305, "fields": {"session": 2, "user": 16, "range": 11, "response": 1, "result": false}}, {"model": "quizmaster.reply", "pk": 306, "fields": {"session": 2, "user": 16, "range": 12, "response": 1, "result": false}}, {"model": "quizmaster.reply", "pk": 307, "fields": {"session": 2, "user": 16, "range": 13, "response": 0, "result": true}}, {"model": "quizmaster.reply", "pk": 308, "fields": {"session": 2, "user": 16, "range": 14, "response": 0, "result": false}}, {"model": "quizmaster.reply", "pk": 309, "fields": {"session": 2, "user": 16, "range": 15, "response": 0, "result": true}}, {"model": "quizmaster.reply", "pk": 310, "fields": {"session": 2, "user": 23, "range": 1, "response": 1, "result": true}}, {"model": "quizmaster.reply", "pk": 311, "fields": {"session": 2, "user": 23, "range": 2, "response": 0, "result": true}}, {"model": "quizmaster.reply", "pk": 312, "fields": {"session": 2, "user": 23, "range": 3, "response": 1, "result": true}}, {"model": "quizmaster.reply", "pk": 313, "fields": {"session": 2, "user": 23, "range": 4, "response": 0, "result": false}}, {"model": "quizmaster.reply", "pk": 314, "fields": {"session": 2, "user": 23, "range": 5, "response": 1, "result": true}}, {"model": "quizmaster.reply", "pk": 315, "fields": {"session": 2, "user": 23, "range": 6, "response": 0, "result": true}}, {"model": "quizmaster.reply", "pk": 316, "fields": {"session": 2, "user": 23, "range": 7, "response": 0, "result": false}}, {"model": "quizmaster.reply", "pk": 317, "fields": {"session": 2, "user": 23, "range": 8, "response": 0, "result": false}}, {"model": "quizmaster.reply", "pk": 318, "fields": {"session": 2, "user": 23, "range": 9, "response": 0, "result": false}}, {"model": "quizmaster.reply", "pk": 319, "fields": {"session": 2, "user": 23, "range": 10, "response": 1, "result": true}}, {"model": "quizmaster.reply", "pk": 320, "fields": {"session": 2, "user": 23, "range": 11, "response": 1, "result": false}}, {"model": "quizmaster.reply", "pk": 321, "fields": {"session": 2, "user": 23, "range": 12, "response": 0, "result": true}}, {"model": "quizmaster.reply", "pk": 322, "fields": {"session": 2, "user": 23, "range": 13, "response": 0, "result": true}}, {"model": "quizmaster.reply", "pk": 323, "fields": {"session": 2, "user": 23, "range": 14, "response": 1, "result": true}}, {"model": "quizmaster.reply", "pk": 324, "fields": {"session": 2, "user": 23, "range": 15, "response": 0, "result": true}}, {"model": "quizmaster.reply", "pk": 325, "fields": {"session": 2, "user": 10, "range": 1, "response": 0, "result": false}}, {"model": "quizmaster.reply", "pk": 326, "fields": {"session": 2, "user": 10, "range": 2, "response": 1, "result": false}}, {"model": "quizmaster.reply", "pk": 327, "fields": {"session": 2, "user": 10, "range": 3, "response": 0, "result": false}}, {"model": "quizmaster.reply", "pk": 328, "fields": {"session": 2, "user": 10, "range": 4, "response": 0, "result": false}}, {"model": "quizmaster.reply", "pk": 329, "fields": {"session": 2, "user": 10, "range": 5, "response": 1, "result": true}}, {"model": "quizmaster.reply", "pk": 330, "fields": {"session": 2, "user": 10, "range": 6, "response": 0, "result": true}}, {"model": "quizmaster.reply", "pk": 331, "fields": {"session": 2, "user": 10, "range": 7, "response": 1, "result": true}}, {"model": "quizmaster.reply", "pk": 332, "fields": {"session": 2, "user": 10, "range": 8, "response": 1, "result": true}}, {"model": "quizmaster.reply", "pk": 333, "fields": {"session": 2, "user": 10, "range": 9, "response": 0, "result": false}}, {"model": "quizmaster.reply", "pk": 334, "fields": {"session": 2, "user": 10, "range": 10, "response": 0, "result": false}}, {"model": "quizmaster.reply", "pk": 335, "fields": {"session": 2, "user": 10, "range": 11, "response": 1, "result": false}}, {"model": "quizmaster.reply", "pk": 336, "fields": {"session": 2, "user": 10, "range": 12, "response": 1, "result": false}}, {"model": "quizmaster.reply", "pk": 337, "fields": {"session": 2, "user": 10, "range": 13, "response": 0, "result": true}}, {"model": "quizmaster.reply", "pk": 338, "fields": {"session": 2, "user": 10, "range": 14, "response": 0, "result": false}}, {"model": "quizmaster.reply", "pk": 339, "fields": {"session": 2, "user": 10, "range": 15, "response": 1, "result": false}}, {"model": "quizmaster.reply", "pk": 340, "fields": {"session": 2, "user": 5, "range": 1, "response": 1, "result": true}}, {"model": "quizmaster.reply", "pk": 341, "fields": {"session": 2, "user": 5, "range": 2, "response": 1, "result": false}}, {"model": "quizmaster.reply", "pk": 342, "fields": {"session": 2, "user": 5, "range": 3, "response": 0, "result": false}}, {"model": "quizmaster.reply", "pk": 343, "fields": {"session": 2, "user": 5, "range": 4, "response": 1, "result": true}}, {"model": "quizmaster.reply", "pk": 344, "fields": {"session": 2, "user": 5, "range": 5, "response": 1, "result": true}}, {"model": "quizmaster.reply", "pk": 345, "fields": {"session": 2, "user": 5, "range": 6, "response": 0, "result": true}}, {"model": "quizmaster.reply", "pk": 346, "fields": {"session": 2, "user": 5, "range": 7, "response": 0, "result": false}}, {"model": "quizmaster.reply", "pk": 347, "fields": {"session": 2, "user": 5, "range": 8, "response": 1, "result": true}}, {"model": "quizmaster.reply", "pk": 348, "fields": {"session": 2, "user": 5, "range": 9, "response": 1, "result": true}}, {"model": "quizmaster.reply", "pk": 349, "fields": {"session": 2, "user": 5, "range": 10, "response": 0, "result": false}}, {"model": "quizmaster.reply", "pk": 350, "fields": {"session": 2, "user": 5, "range": 11, "response": 1, "result": false}}, {"model": "quizmaster.reply", "pk": 351, "fields": {"session": 2, "user": 5, "range": 12, "response": 0, "result": true}}, {"model": "quizmaster.reply", "pk": 352, "fields": {"session": 2, "user": 5, "range": 13, "response": 0, "result": true}}, {"model": "quizmaster.reply", "pk": 353, "fields": {"session": 2, "user": 5, "range": 14, "response": 1, "result": true}}, {"model": "quizmaster.reply", "pk": 354, "fields": {"session": 2, "user": 5, "range": 15, "response": 1, "result": false}}, {"model": "quizmaster.reply", "pk": 355, "fields": {"session": 2, "user": 7, "range": 1, "response": 1, "result": true}}, {"model": "quizmaster.reply", "pk": 356, "fields": {"session": 2, "user": 7, "range": 2, "response": 0, "result": true}}, {"model": "quizmaster.reply", "pk": 357, "fields": {"session": 2, "user": 7, "range": 3, "response": 1, "result": true}}, {"model": "quizmaster.reply", "pk": 358, "fields": {"session": 2, "user": 7, "range": 4, "response": 0, "result": false}}, {"model": "quizmaster.reply", "pk": 359, "fields": {"session": 2, "user": 7, "range": 5, "response": 1, "result": true}}, {"model": "quizmaster.reply", "pk": 360, "fields": {"session": 2, "user": 7, "range": 6, "response": 1, "result": false}}, {"model": "quizmaster.reply", "pk": 361, "fields": {"session": 2, "user": 7, "range": 7, "response": 1, "result": true}}, {"model": "quizmaster.reply", "pk": 362, "fields": {"session": 2, "user": 7, "range": 8, "response": 1, "result": true}}, {"model": "quizmaster.reply", "pk": 363, "fields": {"session": 2, "user": 7, "range": 9, "response": 1, "result": true}}, {"model": "quizmaster.reply", "pk": 364, "fields": {"session": 2, "user": 7, "range": 10, "response": 1, "result": true}}, {"model": "quizmaster.reply", "pk": 365, "fields": {"session": 2, "user": 7, "range": 11, "response": 0, "result": true}}, {"model": "quizmaster.reply", "pk": 366, "fields": {"session": 2, "user": 7, "range": 12, "response": 1, "result": false}}, {"model": "quizmaster.reply", "pk": 367, "fields": {"session": 2, "user": 7, "range": 13, "response": 1, "result": false}}, {"model": "quizmaster.reply", "pk": 368, "fields": {"session": 2, "user": 7, "range": 14, "response": 0, "result": false}}, {"model": "quizmaster.reply", "pk": 369, "fields": {"session": 2, "user": 7, "range": 15, "response": 1, "result": false}}, {"model": "quizmaster.reply", "pk": 370, "fields": {"session": 2, "user": 19, "range": 1, "response": 1, "result": true}}, {"model": "quizmaster.reply", "pk": 371, "fields": {"session": 2, "user": 19, "range": 2, "response": 0, "result": true}}, {"model": "quizmaster.reply", "pk": 372, "fields": {"session": 2, "user": 19, "range": 3, "response": 0, "result": false}}, {"model": "quizmaster.reply", "pk": 373, "fields": {"session": 2, "user": 19, "range": 4, "response": 0, "result": false}}, {"model": "quizmaster.reply", "pk": 374, "fields": {"session": 2, "user": 19, "range": 5, "response": 0, "result": false}}, {"model": "quizmaster.reply", "pk": 375, "fields": {"session": 2, "user": 19, "range": 6, "response": 1, "result": false}}, {"model": "quizmaster.reply", "pk": 376, "fields": {"session": 2, "user": 19, "range": 7, "response": 0, "result": false}}, {"model": "quizmaster.reply", "pk": 377, "fields": {"session": 2, "user": 19, "range": 8, "response": 1, "result": true}}, {"model": "quizmaster.reply", "pk": 378, "fields": {"session": 2, "user": 19, "range": 9, "response": 1, "result": true}}, {"model": "quizmaster.reply", "pk": 379, "fields": {"session": 2, "user": 19, "range": 10, "response": 1, "result": true}}, {"model": "quizmaster.reply", "pk": 380, "fields": {"session": 2, "user": 19, "range": 11, "response": 0, "result": true}}, {"model": "quizmaster.reply", "pk": 381, "fields": {"session": 2, "user": 19, "range": 12, "response": 0, "result": true}}, {"model": "quizmaster.reply", "pk": 382, "fields": {"session": 2, "user": 19, "range": 13, "response": 1, "result": false}}, {"model": "quizmaster.reply", "pk": 383, "fields": {"session": 2, "user": 19, "range": 14, "response": 1, "result": true}}, {"model": "quizmaster.reply", "pk": 384, "fields": {"session": 2, "user": 19, "range": 15, "response": 1, "result": false}}, {"model": "quizmaster.reply", "pk": 385, "fields": {"session": 2, "user": 13, "range": 1, "response": 1, "result": true}}, {"model": "quizmaster.reply", "pk": 386, "fields": {"session": 2, "user": 13, "range": 2, "response": 0, "result": true}}, {"model": "quizmaster.reply", "pk": 387, "fields": {"session": 2, "user": 13, "range": 3, "response": 1, "result": true}}, {"model": "quizmaster.reply", "pk": 388, "fields": {"session": 2, "user": 13, "range": 4, "response": 0, "result": false}}, {"model": "quizmaster.reply", "pk": 389, "fields": {"session": 2, "user": 13, "range": 5, "response": 0, "result": false}}, {"model": "quizmaster.reply", "pk": 390, "fields": {"session": 2, "user": 13, "range": 6, "response": 0, "result": true}}, {"model": "quizmaster.reply", "pk": 391, "fields": {"session": 2, "user": 13, "range": 7, "response": 0, "result": false}}, {"model": "quizmaster.reply", "pk": 392, "fields": {"session": 2, "user": 13, "range": 8, "response": 1, "result": true}}, {"model": "quizmaster.reply", "pk": 393, "fields": {"session": 2, "user": 13, "range": 9, "response": 0, "result": false}}, {"model": "quizmaster.reply", "pk": 394, "fields": {"session": 2, "user": 13, "range": 10, "response": 1, "result": true}}, {"model": "quizmaster.reply", "pk": 395, "fields": {"session": 2, "user": 13, "range": 11, "response": 0, "result": true}}, {"model": "quizmaster.reply", "pk": 396, "fields": {"session": 2, "user": 13, "range": 12, "response": 0, "result": true}}, {"model": "quizmaster.reply", "pk": 397, "fields": {"session": 2, "user": 13, "range": 13, "response": 0, "result": true}}, {"model": "quizmaster.reply", "pk": 398, "fields": {"session": 2, "user": 13, "range": 14, "response": 1, "result": true}}, {"model": "quizmaster.reply", "pk": 399, "fields": {"session": 2, "user": 13, "range": 15, "response": 1, "result": false}}, {"model": "quizmaster.reply", "pk": 400, "fields": {"session": 2, "user": 12, "range": 1, "response": 0, "result": false}}, {"model": "quizmaster.reply", "pk": 401, "fields": {"session": 2, "user": 12, "range": 2, "response": 1, "result": false}}, {"model": "quizmaster.reply", "pk": 402, "fields": {"session": 2, "user": 12, "range": 3, "response": 1, "result": true}}, {"model": "quizmaster.reply", "pk": 403, "fields": {"session": 2, "user": 12, "range": 4, "response": 1, "result": true}}, {"model": "quizmaster.reply", "pk": 404, "fields": {"session": 2, "user": 12, "range": 5, "response": 1, "result": true}}, {"model": "quizmaster.reply", "pk": 405, "fields": {"session": 2, "user": 12, "range": 6, "response": 0, "result": true}}, {"model": "quizmaster.reply", "pk": 406, "fields": {"session": 2, "user": 12, "range": 7, "response": 1, "result": true}}, {"model": "quizmaster.reply", "pk": 407, "fields": {"session": 2, "user": 12, "range": 8, "response": 0, "result": false}}, {"model": "quizmaster.reply", "pk": 408, "fields": {"session": 2, "user": 12, "range": 9, "response": 0, "result": false}}, {"model": "quizmaster.reply", "pk": 409, "fields": {"session": 2, "user": 12, "range": 10, "response": 1, "result": true}}, {"model": "quizmaster.reply", "pk": 410, "fields": {"session": 2, "user": 12, "range": 11, "response": 1, "result": false}}, {"model": "quizmaster.reply", "pk": 411, "fields": {"session": 2, "user": 12, "range": 12, "response": 1, "result": false}}, {"model": "quizmaster.reply", "pk": 412, "fields": {"session": 2, "user": 12, "range": 13, "response": 1, "result": false}}, {"model": "quizmaster.reply", "pk": 413, "fields": {"session": 2, "user": 12, "range": 14, "response": 0, "result": false}}, {"model": "quizmaster.reply", "pk": 414, "fields": {"session": 2, "user": 12, "range": 15, "response": 1, "result": false}}, {"model": "quizmaster.reply", "pk": 415, "fields": {"session": 2, "user": 15, "range": 1, "response": 1, "result": true}}, {"model": "quizmaster.reply", "pk": 416, "fields": {"session": 2, "user": 15, "range": 2, "response": 1, "result": false}}, {"model": "quizmaster.reply", "pk": 417, "fields": {"session": 2, "user": 15, "range": 3, "response": 1, "result": true}}, {"model": "quizmaster.reply", "pk": 418, "fields": {"session": 2, "user": 15, "range": 4, "response": 1, "result": true}}, {"model": "quizmaster.reply", "pk": 419, "fields": {"session": 2, "user": 15, "range": 5, "response": 1, "result": true}}, {"model": "quizmaster.reply", "pk": 420, "fields": {"session": 2, "user": 15, "range": 6, "response": 1, "result": false}}, {"model": "quizmaster.reply", "pk": 421, "fields": {"session": 2, "user": 15, "range": 7, "response": 0, "result": false}}, {"model": "quizmaster.reply", "pk": 422, "fields": {"session": 2, "user": 15, "range": 8, "response": 1, "result": true}}, {"model": "quizmaster.reply", "pk": 423, "fields": {"session": 2, "user": 15, "range": 9, "response": 1, "result": true}}, {"model": "quizmaster.reply", "pk": 424, "fields": {"session": 2, "user": 15, "range": 10, "response": 0, "result": false}}, {"model": "quizmaster.reply", "pk": 425, "fields": {"session": 2, "user": 15, "range": 11, "response": 0, "result": true}}, {"model": "quizmaster.reply", "pk": 426, "fields": {"session": 2, "user": 15, "range": 12, "response": 1, "result": false}}, {"model": "quizmaster.reply", "pk": 427, "fields": {"session": 2, "user": 15, "range": 13, "response": 1, "result": false}}, {"model": "quizmaster.reply", "pk": 428, "fields": {"session": 2, "user": 15, "range": 14, "response": 0, "result": false}}, {"model": "quizmaster.reply", "pk": 429, "fields": {"session": 2, "user": 15, "range": 15, "response": 0, "result": true}}, {"model": "quizmaster.reply", "pk": 430, "fields": {"session": 2, "user": 11, "range": 1, "response": 0, "result": false}}, {"model": "quizmaster.reply", "pk": 431, "fields": {"session": 2, "user": 11, "range": 2, "response": 1, "result": false}}, {"model": "quizmaster.reply", "pk": 432, "fields": {"session": 2, "user": 11, "range": 3, "response": 0, "result": false}}, {"model": "quizmaster.reply", "pk": 433, "fields": {"session": 2, "user": 11, "range": 4, "response": 0, "result": false}}, {"model": "quizmaster.reply", "pk": 434, "fields": {"session": 2, "user": 11, "range": 5, "response": 0, "result": false}}, {"model": "quizmaster.reply", "pk": 435, "fields": {"session": 2, "user": 11, "range": 6, "response": 1, "result": false}}, {"model": "quizmaster.reply", "pk": 436, "fields": {"session": 2, "user": 11, "range": 7, "response": 1, "result": true}}, {"model": "quizmaster.reply", "pk": 437, "fields": {"session": 2, "user": 11, "range": 8, "response": 0, "result": false}}, {"model": "quizmaster.reply", "pk": 438, "fields": {"session": 2, "user": 11, "range": 9, "response": 1, "result": true}}, {"model": "quizmaster.reply", "pk": 439, "fields": {"session": 2, "user": 11, "range": 10, "response": 1, "result": true}}, {"model": "quizmaster.reply", "pk": 440, "fields": {"session": 2, "user": 11, "range": 11, "response": 1, "result": false}}, {"model": "quizmaster.reply", "pk": 441, "fields": {"session": 2, "user": 11, "range": 12, "response": 0, "result": true}}, {"model": "quizmaster.reply", "pk": 442, "fields": {"session": 2, "user": 11, "range": 13, "response": 0, "result": true}}, {"model": "quizmaster.reply", "pk": 443, "fields": {"session": 2, "user": 11, "range": 14, "response": 0, "result": false}}, {"model": "quizmaster.reply", "pk": 444, "fields": {"session": 2, "user": 11, "range": 15, "response": 1, "result": false}}, {"model": "quizmaster.reply", "pk": 445, "fields": {"session": 2, "user": 20, "range": 1, "response": 1, "result": true}}, {"model": "quizmaster.reply", "pk": 446, "fields": {"session": 2, "user": 20, "range": 2, "response": 0, "result": true}}, {"model": "quizmaster.reply", "pk": 447, "fields": {"session": 2, "user": 20, "range": 3, "response": 1, "result": true}}, {"model": "quizmaster.reply", "pk": 448, "fields": {"session": 2, "user": 20, "range": 4, "response": 0, "result": false}}, {"model": "quizmaster.reply", "pk": 449, "fields": {"session": 2, "user": 20, "range": 5, "response": 1, "result": true}}, {"model": "quizmaster.reply", "pk": 450, "fields": {"session": 2, "user": 20, "range": 6, "response": 0, "result": true}}, {"model": "quizmaster.reply", "pk": 451, "fields": {"session": 2, "user": 20, "range": 7, "response": 0, "result": false}}, {"model": "quizmaster.reply", "pk": 452, "fields": {"session": 2, "user": 20, "range": 8, "response": 0, "result": false}}, {"model": "quizmaster.reply", "pk": 453, "fields": {"session": 2, "user": 20, "range": 9, "response": 1, "result": true}}, {"model": "quizmaster.reply", "pk": 454, "fields": {"session": 2, "user": 20, "range": 10, "response": 0, "result": false}}, {"model": "quizmaster.reply", "pk": 455, "fields": {"session": 2, "user": 20, "range": 11, "response": 0, "result": true}}, {"model": "quizmaster.reply", "pk": 456, "fields": {"session": 2, "user": 20, "range": 12, "response": 1, "result": false}}, {"model": "quizmaster.reply", "pk": 457, "fields": {"session": 2, "user": 20, "range": 13, "response": 1, "result": false}}, {"model": "quizmaster.reply", "pk": 458, "fields": {"session": 2, "user": 20, "range": 14, "response": 0, "result": false}}, {"model": "quizmaster.reply", "pk": 459, "fields": {"session": 2, "user": 20, "range": 15, "response": 0, "result": true}}, {"model": "quizmaster.reply", "pk": 460, "fields": {"session": 2, "user": 8, "range": 1, "response": 0, "result": false}}, {"model": "quizmaster.reply", "pk": 461, "fields": {"session": 2, "user": 8, "range": 2, "response": 1, "result": false}}, {"model": "quizmaster.reply", "pk": 462, "fields": {"session": 2, "user": 8, "range": 3, "response": 0, "result": false}}, {"model": "quizmaster.reply", "pk": 463, "fields": {"session": 2, "user": 8, "range": 4, "response": 0, "result": false}}, {"model": "quizmaster.reply", "pk": 464, "fields": {"session": 2, "user": 8, "range": 5, "response": 0, "result": false}}, {"model": "quizmaster.reply", "pk": 465, "fields": {"session": 2, "user": 8, "range": 6, "response": 1, "result": false}}, {"model": "quizmaster.reply", "pk": 466, "fields": {"session": 2, "user": 8, "range": 7, "response": 1, "result": true}}, {"model": "quizmaster.reply", "pk": 467, "fields": {"session": 2, "user": 8, "range": 8, "response": 1, "result": true}}, {"model": "quizmaster.reply", "pk": 468, "fields": {"session": 2, "user": 8, "range": 9, "response": 0, "result": false}}, {"model": "quizmaster.reply", "pk": 469, "fields": {"session": 2, "user": 8, "range": 10, "response": 1, "result": true}}, {"model": "quizmaster.reply", "pk": 470, "fields": {"session": 2, "user": 8, "range": 11, "response": 1, "result": false}}, {"model": "quizmaster.reply", "pk": 471, "fields": {"session": 2, "user": 8, "range": 12, "response": 0, "result": true}}, {"model": "quizmaster.reply", "pk": 472, "fields": {"session": 2, "user": 8, "range": 13, "response": 1, "result": false}}, {"model": "quizmaster.reply", "pk": 473, "fields": {"session": 2, "user": 8, "range": 14, "response": 1, "result": true}}, {"model": "quizmaster.reply", "pk": 474, "fields": {"session": 2, "user": 8, "range": 15, "response": 1, "result": false}}, {"model": "quizmaster.reply", "pk": 475, "fields": {"session": 2, "user": 18, "range": 1, "response": 1, "result": true}}, {"model": "quizmaster.reply", "pk": 476, "fields": {"session": 2, "user": 18, "range": 2, "response": 1, "result": false}}, {"model": "quizmaster.reply", "pk": 477, "fields": {"session": 2, "user": 18, "range": 3, "response": 0, "result": false}}, {"model": "quizmaster.reply", "pk": 478, "fields": {"session": 2, "user": 18, "range": 4, "response": 0, "result": false}}, {"model": "quizmaster.reply", "pk": 479, "fields": {"session": 2, "user": 18, "range": 5, "response": 0, "result": false}}, {"model": "quizmaster.reply", "pk": 480, "fields": {"session": 2, "user": 18, "range": 6, "response": 0, "result": true}}, {"model": "quizmaster.reply", "pk": 481, "fields": {"session": 2, "user": 18, "range": 7, "response": 0, "result": false}}, {"model": "quizmaster.reply", "pk": 482, "fields": {"session": 2, "user": 18, "range": 8, "response": 1, "result": true}}, {"model": "quizmaster.reply", "pk": 483, "fields": {"session": 2, "user": 18, "range": 9, "response": 1, "result": true}}, {"model": "quizmaster.reply", "pk": 484, "fields": {"session": 2, "user": 18, "range": 10, "response": 0, "result": false}}, {"model": "quizmaster.reply", "pk": 485, "fields": {"session": 2, "user": 18, "range": 11, "response": 0, "result": true}}, {"model": "quizmaster.reply", "pk": 486, "fields": {"session": 2, "user": 18, "range": 12, "response": 0, "result": true}}, {"model": "quizmaster.reply", "pk": 487, "fields": {"session": 2, "user": 18, "range": 13, "response": 1, "result": false}}, {"model": "quizmaster.reply", "pk": 488, "fields": {"session": 2, "user": 18, "range": 14, "response": 1, "result": true}}, {"model": "quizmaster.reply", "pk": 489, "fields": {"session": 2, "user": 18, "range": 15, "response": 1, "result": false}}, {"model": "quizmaster.reply", "pk": 490, "fields": {"session": 2, "user": 26, "range": 1, "response": 0, "result": false}}, {"model": "quizmaster.reply", "pk": 491, "fields": {"session": 2, "user": 26, "range": 2, "response": 1, "result": false}}, {"model": "quizmaster.reply", "pk": 492, "fields": {"session": 2, "user": 26, "range": 3, "response": 1, "result": true}}, {"model": "quizmaster.reply", "pk": 493, "fields": {"session": 2, "user": 26, "range": 4, "response": 0, "result": false}}, {"model": "quizmaster.reply", "pk": 494, "fields": {"session": 2, "user": 26, "range": 5, "response": 0, "result": false}}, {"model": "quizmaster.reply", "pk": 495, "fields": {"session": 2, "user": 26, "range": 6, "response": 1, "result": false}}, {"model": "quizmaster.reply", "pk": 496, "fields": {"session": 2, "user": 26, "range": 7, "response": 0, "result": false}}, {"model": "quizmaster.reply", "pk": 497, "fields": {"session": 2, "user": 26, "range": 8, "response": 1, "result": true}}, {"model": "quizmaster.reply", "pk": 498, "fields": {"session": 2, "user": 26, "range": 9, "response": 0, "result": false}}, {"model": "quizmaster.reply", "pk": 499, "fields": {"session": 2, "user": 26, "range": 10, "response": 0, "result": false}}, {"model": "quizmaster.reply", "pk": 500, "fields": {"session": 2, "user": 26, "range": 11, "response": 0, "result": true}}, {"model": "quizmaster.reply", "pk": 501, "fields": {"session": 2, "user": 26, "range": 12, "response": 1, "result": false}}, {"model": "quizmaster.reply", "pk": 502, "fields": {"session": 2, "user": 26, "range": 13, "response": 0, "result": true}}, {"model": "quizmaster.reply", "pk": 503, "fields": {"session": 2, "user": 26, "range": 14, "response": 1, "result": true}}, {"model": "quizmaster.reply", "pk": 504, "fields": {"session": 2, "user": 26, "range": 15, "response": 1, "result": false}}, {"model": "quizmaster.reply", "pk": 505, "fields": {"session": 2, "user": 22, "range": 1, "response": 0, "result": false}}, {"model": "quizmaster.reply", "pk": 506, "fields": {"session": 2, "user": 22, "range": 2, "response": 1, "result": false}}, {"model": "quizmaster.reply", "pk": 507, "fields": {"session": 2, "user": 22, "range": 3, "response": 1, "result": true}}, {"model": "quizmaster.reply", "pk": 508, "fields": {"session": 2, "user": 22, "range": 4, "response": 0, "result": false}}, {"model": "quizmaster.reply", "pk": 509, "fields": {"session": 2, "user": 22, "range": 5, "response": 1, "result": true}}, {"model": "quizmaster.reply", "pk": 510, "fields": {"session": 2, "user": 22, "range": 6, "response": 0, "result": true}}, {"model": "quizmaster.reply", "pk": 511, "fields": {"session": 2, "user": 22, "range": 7, "response": 1, "result": true}}, {"model": "quizmaster.reply", "pk": 512, "fields": {"session": 2, "user": 22, "range": 8, "response": 1, "result": true}}, {"model": "quizmaster.reply", "pk": 513, "fields": {"session": 2, "user": 22, "range": 9, "response": 0, "result": false}}, {"model": "quizmaster.reply", "pk": 514, "fields": {"session": 2, "user": 22, "range": 10, "response": 1, "result": true}}, {"model": "quizmaster.reply", "pk": 515, "fields": {"session": 2, "user": 22, "range": 11, "response": 0, "result": true}}, {"model": "quizmaster.reply", "pk": 516, "fields": {"session": 2, "user": 22, "range": 12, "response": 1, "result": false}}, {"model": "quizmaster.reply", "pk": 517, "fields": {"session": 2, "user": 22, "range": 13, "response": 1, "result": false}}, {"model": "quizmaster.reply", "pk": 518, "fields": {"session": 2, "user": 22, "range": 14, "response": 1, "result": true}}, {"model": "quizmaster.reply", "pk": 519, "fields": {"session": 2, "user": 22, "range": 15, "response": 1, "result": false}}, {"model": "quizmaster.reply", "pk": 520, "fields": {"session": 2, "user": 9, "range": 1, "response": 0, "result": false}}, {"model": "quizmaster.reply", "pk": 521, "fields": {"session": 2, "user": 9, "range": 2, "response": 1, "result": false}}, {"model": "quizmaster.reply", "pk": 522, "fields": {"session": 2, "user": 9, "range": 3, "response": 1, "result": true}}, {"model": "quizmaster.reply", "pk": 523, "fields": {"session": 2, "user": 9, "range": 4, "response": 1, "result": true}}, {"model": "quizmaster.reply", "pk": 524, "fields": {"session": 2, "user": 9, "range": 5, "response": 0, "result": false}}, {"model": "quizmaster.reply", "pk": 525, "fields": {"session": 2, "user": 9, "range": 6, "response": 0, "result": true}}, {"model": "quizmaster.reply", "pk": 526, "fields": {"session": 2, "user": 9, "range": 7, "response": 1, "result": true}}, {"model": "quizmaster.reply", "pk": 527, "fields": {"session": 2, "user": 9, "range": 8, "response": 1, "result": true}}, {"model": "quizmaster.reply", "pk": 528, "fields": {"session": 2, "user": 9, "range": 9, "response": 1, "result": true}}, {"model": "quizmaster.reply", "pk": 529, "fields": {"session": 2, "user": 9, "range": 10, "response": 1, "result": true}}, {"model": "quizmaster.reply", "pk": 530, "fields": {"session": 2, "user": 9, "range": 11, "response": 0, "result": true}}, {"model": "quizmaster.reply", "pk": 531, "fields": {"session": 2, "user": 9, "range": 12, "response": 0, "result": true}}, {"model": "quizmaster.reply", "pk": 532, "fields": {"session": 2, "user": 9, "range": 13, "response": 1, "result": false}}, {"model": "quizmaster.reply", "pk": 533, "fields": {"session": 2, "user": 9, "range": 14, "response": 0, "result": false}}, {"model": "quizmaster.reply", "pk": 534, "fields": {"session": 2, "user": 9, "range": 15, "response": 1, "result": false}}, {"model": "quizmaster.reply", "pk": 535, "fields": {"session": 2, "user": 14, "range": 1, "response": 1, "result": true}}, {"model": "quizmaster.reply", "pk": 536, "fields": {"session": 2, "user": 14, "range": 2, "response": 0, "result": true}}, {"model": "quizmaster.reply", "pk": 537, "fields": {"session": 2, "user": 14, "range": 3, "response": 1, "result": true}}, {"model": "quizmaster.reply", "pk": 538, "fields": {"session": 2, "user": 14, "range": 4, "response": 0, "result": false}}, {"model": "quizmaster.reply", "pk": 539, "fields": {"session": 2, "user": 14, "range": 5, "response": 1, "result": true}}, {"model": "quizmaster.reply", "pk": 540, "fields": {"session": 2, "user": 14, "range": 6, "response": 0, "result": true}}, {"model": "quizmaster.reply", "pk": 541, "fields": {"session": 2, "user": 14, "range": 7, "response": 0, "result": false}}, {"model": "quizmaster.reply", "pk": 542, "fields": {"session": 2, "user": 14, "range": 8, "response": 1, "result": true}}, {"model": "quizmaster.reply", "pk": 543, "fields": {"session": 2, "user": 14, "range": 9, "response": 1, "result": true}}, {"model": "quizmaster.reply", "pk": 544, "fields": {"session": 2, "user": 14, "range": 10, "response": 1, "result": true}}, {"model": "quizmaster.reply", "pk": 545, "fields": {"session": 2, "user": 14, "range": 11, "response": 1, "result": false}}, {"model": "quizmaster.reply", "pk": 546, "fields": {"session": 2, "user": 14, "range": 12, "response": 1, "result": false}}, {"model": "quizmaster.reply", "pk": 547, "fields": {"session": 2, "user": 14, "range": 13, "response": 1, "result": false}}, {"model": "quizmaster.reply", "pk": 548, "fields": {"session": 2, "user": 14, "range": 14, "response": 0, "result": false}}, {"model": "quizmaster.reply", "pk": 549, "fields": {"session": 2, "user": 14, "range": 15, "response": 1, "result": false}}, {"model": "quizmaster.reply", "pk": 550, "fields": {"session": 2, "user": 21, "range": 1, "response": 1, "result": true}}, {"model": "quizmaster.reply", "pk": 551, "fields": {"session": 2, "user": 21, "range": 2, "response": 0, "result": true}}, {"model": "quizmaster.reply", "pk": 552, "fields": {"session": 2, "user": 21, "range": 3, "response": 0, "result": false}}, {"model": "quizmaster.reply", "pk": 553, "fields": {"session": 2, "user": 21, "range": 4, "response": 1, "result": true}}, {"model": "quizmaster.reply", "pk": 554, "fields": {"session": 2, "user": 21, "range": 5, "response": 1, "result": true}}, {"model": "quizmaster.reply", "pk": 555, "fields": {"session": 2, "user": 21, "range": 6, "response": 0, "result": true}}, {"model": "quizmaster.reply", "pk": 556, "fields": {"session": 2, "user": 21, "range": 7, "response": 1, "result": true}}, {"model": "quizmaster.reply", "pk": 557, "fields": {"session": 2, "user": 21, "range": 8, "response": 1, "result": true}}, {"model": "quizmaster.reply", "pk": 558, "fields": {"session": 2, "user": 21, "range": 9, "response": 1, "result": true}}, {"model": "quizmaster.reply", "pk": 559, "fields": {"session": 2, "user": 21, "range": 10, "response": 0, "result": false}}, {"model": "quizmaster.reply", "pk": 560, "fields": {"session": 2, "user": 21, "range": 11, "response": 1, "result": false}}, {"model": "quizmaster.reply", "pk": 561, "fields": {"session": 2, "user": 21, "range": 12, "response": 0, "result": true}}, {"model": "quizmaster.reply", "pk": 562, "fields": {"session": 2, "user": 21, "range": 13, "response": 1, "result": false}}, {"model": "quizmaster.reply", "pk": 563, "fields": {"session": 2, "user": 21, "range": 14, "response": 1, "result": true}}, {"model": "quizmaster.reply", "pk": 564, "fields": {"session": 2, "user": 21, "range": 15, "response": 1, "result": false}}, {"model": "quizmaster.reply", "pk": 565, "fields": {"session": 2, "user": 17, "range": 1, "response": 1, "result": true}}, {"model": "quizmaster.reply", "pk": 566, "fields": {"session": 2, "user": 17, "range": 2, "response": 0, "result": true}}, {"model": "quizmaster.reply", "pk": 567, "fields": {"session": 2, "user": 17, "range": 3, "response": 1, "result": true}}, {"model": "quizmaster.reply", "pk": 568, "fields": {"session": 2, "user": 17, "range": 4, "response": 1, "result": true}}, {"model": "quizmaster.reply", "pk": 569, "fields": {"session": 2, "user": 17, "range": 5, "response": 0, "result": false}}, {"model": "quizmaster.reply", "pk": 570, "fields": {"session": 2, "user": 17, "range": 6, "response": 1, "result": false}}, {"model": "quizmaster.reply", "pk": 571, "fields": {"session": 2, "user": 17, "range": 7, "response": 1, "result": true}}, {"model": "quizmaster.reply", "pk": 572, "fields": {"session": 2, "user": 17, "range": 8, "response": 0, "result": false}}, {"model": "quizmaster.reply", "pk": 573, "fields": {"session": 2, "user": 17, "range": 9, "response": 1, "result": true}}, {"model": "quizmaster.reply", "pk": 574, "fields": {"session": 2, "user": 17, "range": 10, "response": 1, "result": true}}, {"model": "quizmaster.reply", "pk": 575, "fields": {"session": 2, "user": 17, "range": 11, "response": 1, "result": false}}, {"model": "quizmaster.reply", "pk": 576, "fields": {"session": 2, "user": 17, "range": 12, "response": 1, "result": false}}, {"model": "quizmaster.reply", "pk": 577, "fields": {"session": 2, "user": 17, "range": 13, "response": 1, "result": false}}, {"model": "quizmaster.reply", "pk": 578, "fields": {"session": 2, "user": 17, "range": 14, "response": 1, "result": true}}, {"model": "quizmaster.reply", "pk": 579, "fields": {"session": 2, "user": 17, "range": 15, "response": 1, "result": false}}, {"model": "quizmaster.reply", "pk": 580, "fields": {"session": 2, "user": 6, "range": 1, "response": 1, "result": true}}, {"model": "quizmaster.reply", "pk": 581, "fields": {"session": 2, "user": 6, "range": 2, "response": 0, "result": true}}, {"model": "quizmaster.reply", "pk": 582, "fields": {"session": 2, "user": 6, "range": 3, "response": 1, "result": true}}, {"model": "quizmaster.reply", "pk": 583, "fields": {"session": 2, "user": 6, "range": 4, "response": 0, "result": false}}, {"model": "quizmaster.reply", "pk": 584, "fields": {"session": 2, "user": 6, "range": 5, "response": 0, "result": false}}, {"model": "quizmaster.reply", "pk": 585, "fields": {"session": 2, "user": 6, "range": 6, "response": 1, "result": false}}, {"model": "quizmaster.reply", "pk": 586, "fields": {"session": 2, "user": 6, "range": 7, "response": 1, "result": true}}, {"model": "quizmaster.reply", "pk": 587, "fields": {"session": 2, "user": 6, "range": 8, "response": 1, "result": true}}, {"model": "quizmaster.reply", "pk": 588, "fields": {"session": 2, "user": 6, "range": 9, "response": 1, "result": true}}, {"model": "quizmaster.reply", "pk": 589, "fields": {"session": 2, "user": 6, "range": 10, "response": 0, "result": false}}, {"model": "quizmaster.reply", "pk": 590, "fields": {"session": 2, "user": 6, "range": 11, "response": 0, "result": true}}, {"model": "quizmaster.reply", "pk": 591, "fields": {"session": 2, "user": 6, "range": 12, "response": 0, "result": true}}, {"model": "quizmaster.reply", "pk": 592, "fields": {"session": 2, "user": 6, "range": 13, "response": 1, "result": false}}, {"model": "quizmaster.reply", "pk": 593, "fields": {"session": 2, "user": 6, "range": 14, "response": 0, "result": false}}, {"model": "quizmaster.reply", "pk": 594, "fields": {"session": 2, "user": 6, "range": 15, "response": 1, "result": false}}, {"model": "quizmaster.reply", "pk": 595, "fields": {"session": 2, "user": 25, "range": 1, "response": 1, "result": true}}, {"model": "quizmaster.reply", "pk": 596, "fields": {"session": 2, "user": 25, "range": 2, "response": 99, "result": false}}, {"model": "quizmaster.reply", "pk": 597, "fields": {"session": 2, "user": 25, "range": 3, "response": 99, "result": false}}, {"model": "quizmaster.reply", "pk": 598, "fields": {"session": 2, "user": 25, "range": 4, "response": 1, "result": true}}, {"model": "quizmaster.reply", "pk": 599, "fields": {"session": 2, "user": 25, "range": 5, "response": 1, "result": true}}, {"model": "quizmaster.reply", "pk": 600, "fields": {"session": 2, "user": 25, "range": 6, "response": 0, "result": true}}, {"model": "quizmaster.reply", "pk": 601, "fields": {"session": 2, "user": 25, "range": 7, "response": 1, "result": true}}, {"model": "quizmaster.reply", "pk": 602, "fields": {"session": 2, "user": 25, "range": 8, "response": 1, "result": true}}, {"model": "quizmaster.reply", "pk": 603, "fields": {"session": 2, "user": 25, "range": 9, "response": 1, "result": true}}, {"model": "quizmaster.reply", "pk": 604, "fields": {"session": 2, "user": 25, "range": 10, "response": 1, "result": true}}, {"model": "quizmaster.reply", "pk": 605, "fields": {"session": 2, "user": 25, "range": 11, "response": 0, "result": true}}, {"model": "quizmaster.reply", "pk": 606, "fields": {"session": 2, "user": 25, "range": 12, "response": 0, "result": true}}, {"model": "quizmaster.reply", "pk": 607, "fields": {"session": 2, "user": 25, "range": 13, "response": 0, "result": true}}, {"model": "quizmaster.reply", "pk": 608, "fields": {"session": 2, "user": 25, "range": 14, "response": 1, "result": true}}, {"model": "quizmaster.reply", "pk": 609, "fields": {"session": 2, "user": 25, "range": 15, "response": 0, "result": true}}, {"model": "quizmaster.reply", "pk": 610, "fields": {"session": 2, "user": 24, "range": 1, "response": 1, "result": true}}, {"model": "quizmaster.reply", "pk": 611, "fields": {"session": 2, "user": 24, "range": 2, "response": 0, "result": true}}, {"model": "quizmaster.reply", "pk": 612, "fields": {"session": 2, "user": 24, "range": 3, "response": 1, "result": true}}, {"model": "quizmaster.reply", "pk": 613, "fields": {"session": 2, "user": 24, "range": 4, "response": 1, "result": true}}, {"model": "quizmaster.reply", "pk": 614, "fields": {"session": 2, "user": 24, "range": 5, "response": 0, "result": false}}, {"model": "quizmaster.reply", "pk": 615, "fields": {"session": 2, "user": 24, "range": 6, "response": 0, "result": true}}, {"model": "quizmaster.reply", "pk": 616, "fields": {"session": 2, "user": 24, "range": 7, "response": 1, "result": true}}, {"model": "quizmaster.reply", "pk": 617, "fields": {"session": 2, "user": 24, "range": 8, "response": 1, "result": true}}, {"model": "quizmaster.reply", "pk": 618, "fields": {"session": 2, "user": 24, "range": 9, "response": 0, "result": false}}, {"model": "quizmaster.reply", "pk": 619, "fields": {"session": 2, "user": 24, "range": 10, "response": 1, "result": true}}, {"model": "quizmaster.reply", "pk": 620, "fields": {"session": 2, "user": 24, "range": 11, "response": 0, "result": true}}, {"model": "quizmaster.reply", "pk": 621, "fields": {"session": 2, "user": 24, "range": 12, "response": 0, "result": true}}, {"model": "quizmaster.reply", "pk": 622, "fields": {"session": 2, "user": 24, "range": 13, "response": 0, "result": true}}, {"model": "quizmaster.reply", "pk": 623, "fields": {"session": 2, "user": 24, "range": 14, "response": 1, "result": true}}, {"model": "quizmaster.reply", "pk": 624, "fields": {"session": 2, "user": 24, "range": 15, "response": 0, "result": true}}, {"model": "quizmaster.reply", "pk": 625, "fields": {"session": 11, "user": 31, "range": 1, "response": 99, "result": false}}, {"model": "quizmaster.reply", "pk": 626, "fields": {"session": 11, "user": 31, "range": 2, "response": 99, "result": false}}, {"model": "quizmaster.reply", "pk": 627, "fields": {"session": 11, "user": 31, "range": 3, "response": 3, "result": false}}, {"model": "quizmaster.reply", "pk": 628, "fields": {"session": 11, "user": 31, "range": 4, "response": 4, "result": true}}, {"model": "quizmaster.reply", "pk": 629, "fields": {"session": 11, "user": 31, "range": 5, "response": 99, "result": false}}, {"model": "quizmaster.reply", "pk": 630, "fields": {"session": 11, "user": 31, "range": 6, "response": 5, "result": true}}, {"model": "quizmaster.reply", "pk": 631, "fields": {"session": 11, "user": 31, "range": 7, "response": 99, "result": false}}, {"model": "quizmaster.reply", "pk": 632, "fields": {"session": 11, "user": 31, "range": 8, "response": 4, "result": true}}, {"model": "quizmaster.reply", "pk": 633, "fields": {"session": 12, "user": 31, "range": 1, "response": 2, "result": false}}, {"model": "quizmaster.reply", "pk": 634, "fields": {"session": 12, "user": 31, "range": 2, "response": 99, "result": false}}, {"model": "quizmaster.reply", "pk": 635, "fields": {"session": 12, "user": 31, "range": 3, "response": 99, "result": false}}, {"model": "quizmaster.reply", "pk": 636, "fields": {"session": 12, "user": 31, "range": 4, "response": 99, "result": false}}, {"model": "quizmaster.reply", "pk": 637, "fields": {"session": 12, "user": 31, "range": 5, "response": 99, "result": false}}, {"model": "quizmaster.reply", "pk": 638, "fields": {"session": 12, "user": 31, "range": 6, "response": 99, "result": false}}, {"model": "quizmaster.reply", "pk": 639, "fields": {"session": 12, "user": 31, "range": 7, "response": 99, "result": false}}, {"model": "quizmaster.reply", "pk": 640, "fields": {"session": 12, "user": 31, "range": 8, "response": 99, "result": false}}, {"model": "quizmaster.reply", "pk": 641, "fields": {"session": 12, "user": 31, "range": 9, "response": 99, "result": false}}, {"model": "quizmaster.reply", "pk": 642, "fields": {"session": 12, "user": 31, "range": 10, "response": 99, "result": false}}, {"model": "quizmaster.reply", "pk": 643, "fields": {"session": 12, "user": 31, "range": 11, "response": 2, "result": false}}, {"model": "quizmaster.reply", "pk": 644, "fields": {"session": 12, "user": 31, "range": 12, "response": 99, "result": false}}, {"model": "quizmaster.reply", "pk": 645, "fields": {"session": 12, "user": 31, "range": 13, "response": 0, "result": true}}, {"model": "quizmaster.reply", "pk": 646, "fields": {"session": 12, "user": 31, "range": 14, "response": 99, "result": false}}, {"model": "quizmaster.reply", "pk": 647, "fields": {"session": 14, "user": 34, "range": 1, "response": 2, "result": false}}, {"model": "quizmaster.reply", "pk": 648, "fields": {"session": 14, "user": 34, "range": 2, "response": 5, "result": true}}, {"model": "quizmaster.reply", "pk": 649, "fields": {"session": 14, "user": 34, "range": 3, "response": 2, "result": true}}, {"model": "quizmaster.reply", "pk": 650, "fields": {"session": 14, "user": 34, "range": 4, "response": 99, "result": false}}, {"model": "quizmaster.reply", "pk": 651, "fields": {"session": 14, "user": 34, "range": 5, "response": 99, "result": false}}, {"model": "quizmaster.reply", "pk": 652, "fields": {"session": 14, "user": 34, "range": 6, "response": 99, "result": false}}, {"model": "quizmaster.reply", "pk": 653, "fields": {"session": 14, "user": 34, "range": 7, "response": 99, "result": false}}, {"model": "quizmaster.reply", "pk": 654, "fields": {"session": 14, "user": 34, "range": 8, "response": 99, "result": false}}, {"model": "quizmaster.reply", "pk": 655, "fields": {"session": 14, "user": 34, "range": 9, "response": 99, "result": false}}, {"model": "quizmaster.reply", "pk": 656, "fields": {"session": 14, "user": 34, "range": 10, "response": 99, "result": false}}, {"model": "quizmaster.reply", "pk": 657, "fields": {"session": 14, "user": 34, "range": 11, "response": 99, "result": false}}, {"model": "quizmaster.reply", "pk": 658, "fields": {"session": 14, "user": 34, "range": 12, "response": 99, "result": false}}, {"model": "quizmaster.reply", "pk": 659, "fields": {"session": 14, "user": 34, "range": 13, "response": 99, "result": false}}, {"model": "quizmaster.reply", "pk": 660, "fields": {"session": 14, "user": 34, "range": 14, "response": 99, "result": false}}, {"model": "quizmaster.reply", "pk": 661, "fields": {"session": 15, "user": 35, "range": 1, "response": 5, "result": true}}, {"model": "quizmaster.reply", "pk": 662, "fields": {"session": 15, "user": 35, "range": 2, "response": 99, "result": false}}, {"model": "quizmaster.reply", "pk": 663, "fields": {"session": 15, "user": 35, "range": 3, "response": 99, "result": false}}, {"model": "quizmaster.reply", "pk": 664, "fields": {"session": 15, "user": 35, "range": 4, "response": 99, "result": false}}, {"model": "quizmaster.reply", "pk": 665, "fields": {"session": 15, "user": 35, "range": 5, "response": 4, "result": true}}, {"model": "quizmaster.reply", "pk": 666, "fields": {"session": 15, "user": 35, "range": 6, "response": 99, "result": false}}, {"model": "quizmaster.reply", "pk": 667, "fields": {"session": 15, "user": 35, "range": 7, "response": 99, "result": false}}, {"model": "quizmaster.reply", "pk": 668, "fields": {"session": 15, "user": 35, "range": 8, "response": 4, "result": true}}, {"model": "quizmaster.reply", "pk": 669, "fields": {"session": 15, "user": 36, "range": 1, "response": 5, "result": true}}, {"model": "quizmaster.reply", "pk": 670, "fields": {"session": 15, "user": 36, "range": 2, "response": 3, "result": true}}, {"model": "quizmaster.reply", "pk": 671, "fields": {"session": 15, "user": 36, "range": 3, "response": 3, "result": false}}, {"model": "quizmaster.reply", "pk": 672, "fields": {"session": 15, "user": 36, "range": 4, "response": 4, "result": true}}, {"model": "quizmaster.reply", "pk": 673, "fields": {"session": 15, "user": 36, "range": 5, "response": 3, "result": false}}, {"model": "quizmaster.reply", "pk": 674, "fields": {"session": 15, "user": 36, "range": 6, "response": 2, "result": false}}, {"model": "quizmaster.reply", "pk": 675, "fields": {"session": 15, "user": 36, "range": 7, "response": 4, "result": true}}, {"model": "quizmaster.reply", "pk": 676, "fields": {"session": 15, "user": 36, "range": 8, "response": 3, "result": false}}, {"model": "quizmaster.reply", "pk": 677, "fields": {"session": 16, "user": 35, "range": 1, "response": 99, "result": false}}, {"model": "quizmaster.reply", "pk": 678, "fields": {"session": 16, "user": 35, "range": 2, "response": 99, "result": false}}, {"model": "quizmaster.reply", "pk": 679, "fields": {"session": 16, "user": 35, "range": 3, "response": 99, "result": false}}, {"model": "quizmaster.reply", "pk": 680, "fields": {"session": 16, "user": 35, "range": 4, "response": 99, "result": false}}, {"model": "quizmaster.reply", "pk": 681, "fields": {"session": 16, "user": 35, "range": 5, "response": 99, "result": false}}, {"model": "quizmaster.reply", "pk": 682, "fields": {"session": 16, "user": 35, "range": 6, "response": 99, "result": false}}, {"model": "quizmaster.reply", "pk": 683, "fields": {"session": 16, "user": 35, "range": 7, "response": 99, "result": false}}, {"model": "quizmaster.reply", "pk": 684, "fields": {"session": 16, "user": 35, "range": 8, "response": 99, "result": false}}, {"model": "quizmaster.reply", "pk": 685, "fields": {"session": 16, "user": 35, "range": 9, "response": 99, "result": false}}, {"model": "quizmaster.reply", "pk": 686, "fields": {"session": 16, "user": 35, "range": 10, "response": 99, "result": false}}, {"model": "quizmaster.reply", "pk": 687, "fields": {"session": 16, "user": 35, "range": 11, "response": 99, "result": false}}, {"model": "quizmaster.reply", "pk": 688, "fields": {"session": 16, "user": 35, "range": 12, "response": 99, "result": false}}, {"model": "quizmaster.reply", "pk": 689, "fields": {"session": 16, "user": 35, "range": 13, "response": 99, "result": false}}, {"model": "quizmaster.reply", "pk": 690, "fields": {"session": 16, "user": 35, "range": 14, "response": 99, "result": false}}, {"model": "quizmaster.reply", "pk": 691, "fields": {"session": 16, "user": 36, "range": 1, "response": 99, "result": false}}, {"model": "quizmaster.reply", "pk": 692, "fields": {"session": 16, "user": 36, "range": 2, "response": 99, "result": false}}, {"model": "quizmaster.reply", "pk": 693, "fields": {"session": 16, "user": 36, "range": 3, "response": 99, "result": false}}, {"model": "quizmaster.reply", "pk": 694, "fields": {"session": 16, "user": 36, "range": 4, "response": 99, "result": false}}, {"model": "quizmaster.reply", "pk": 695, "fields": {"session": 16, "user": 36, "range": 5, "response": 99, "result": false}}, {"model": "quizmaster.reply", "pk": 696, "fields": {"session": 16, "user": 36, "range": 6, "response": 99, "result": false}}, {"model": "quizmaster.reply", "pk": 697, "fields": {"session": 16, "user": 36, "range": 7, "response": 99, "result": false}}, {"model": "quizmaster.reply", "pk": 698, "fields": {"session": 16, "user": 36, "range": 8, "response": 99, "result": false}}, {"model": "quizmaster.reply", "pk": 699, "fields": {"session": 16, "user": 36, "range": 9, "response": 99, "result": false}}, {"model": "quizmaster.reply", "pk": 700, "fields": {"session": 16, "user": 36, "range": 10, "response": 99, "result": false}}, {"model": "quizmaster.reply", "pk": 701, "fields": {"session": 16, "user": 36, "range": 11, "response": 99, "result": false}}, {"model": "quizmaster.reply", "pk": 702, "fields": {"session": 16, "user": 36, "range": 12, "response": 99, "result": false}}, {"model": "quizmaster.reply", "pk": 703, "fields": {"session": 16, "user": 36, "range": 13, "response": 99, "result": false}}, {"model": "quizmaster.reply", "pk": 704, "fields": {"session": 16, "user": 36, "range": 14, "response": 99, "result": false}}, {"model": "quizmaster.ranking", "pk": 1, "fields": {"session": 1, "user": 16, "correct": 3, "wrong": 11, "missing": 0, "rank": 6, "count": 0}}, {"model": "quizmaster.ranking", "pk": 2, "fields": {"session": 1, "user": 23, "correct": 2, "wrong": 12, "missing": 0, "rank": 7, "count": 0}}, {"model": "quizmaster.ranking", "pk": 3, "fields": {"session": 1, "user": 10, "correct": 3, "wrong": 11, "missing": 0, "rank": 6, "count": 0}}, {"model": "quizmaster.ranking", "pk": 4, "fields": {"session": 1, "user": 5, "correct": 8, "wrong": 6, "missing": 0, "rank": 2, "count": 0}}, {"model": "quizmaster.ranking", "pk": 5, "fields": {"session": 1, "user": 7, "correct": 6, "wrong": 8, "missing": 0, "rank": 3, "count": 0}}, {"model": "quizmaster.ranking", "pk": 6, "fields": {"session": 1, "user": 19, "correct": 4, "wrong": 10, "missing": 0, "rank": 5, "count": 0}}, {"model": "quizmaster.ranking", "pk": 7, "fields": {"session": 1, "user": 13, "correct": 3, "wrong": 11, "missing": 0, "rank": 6, "count": 0}}, {"model": "quizmaster.ranking", "pk": 8, "fields": {"session": 1, "user": 12, "correct": 5, "wrong": 9, "missing": 0, "rank": 4, "count": 0}}, {"model": "quizmaster.ranking", "pk": 9, "fields": {"session": 1, "user": 15, "correct": 6, "wrong": 8, "missing": 0, "rank": 3, "count": 0}}, {"model": "quizmaster.ranking", "pk": 10, "fields": {"session": 1, "user": 11, "correct": 5, "wrong": 9, "missing": 0, "rank": 4, "count": 0}}, {"model": "quizmaster.ranking", "pk": 11, "fields": {"session": 1, "user": 20, "correct": 3, "wrong": 11, "missing": 0, "rank": 6, "count": 0}}, {"model": "quizmaster.ranking", "pk": 12, "fields": {"session": 1, "user": 8, "correct": 6, "wrong": 8, "missing": 0, "rank": 3, "count": 0}}, {"model": "quizmaster.ranking", "pk": 13, "fields": {"session": 1, "user": 18, "correct": 6, "wrong": 8, "missing": 0, "rank": 3, "count": 0}}, {"model": "quizmaster.ranking", "pk": 14, "fields": {"session": 1, "user": 22, "correct": 5, "wrong": 9, "missing": 0, "rank": 4, "count": 0}}, {"model": "quizmaster.ranking", "pk": 15, "fields": {"session": 1, "user": 9, "correct": 4, "wrong": 10, "missing": 0, "rank": 5, "count": 0}}, {"model": "quizmaster.ranking", "pk": 16, "fields": {"session": 1, "user": 14, "correct": 5, "wrong": 9, "missing": 0, "rank": 4, "count": 0}}, {"model": "quizmaster.ranking", "pk": 17, "fields": {"session": 1, "user": 21, "correct": 6, "wrong": 8, "missing": 0, "rank": 3, "count": 0}}, {"model": "quizmaster.ranking", "pk": 18, "fields": {"session": 1, "user": 17, "correct": 5, "wrong": 9, "missing": 0, "rank": 4, "count": 0}}, {"model": "quizmaster.ranking", "pk": 19, "fields": {"session": 1, "user": 6, "correct": 4, "wrong": 10, "missing": 0, "rank": 5, "count": 0}}, {"model": "quizmaster.ranking", "pk": 20, "fields": {"session": 1, "user": 25, "correct": 13, "wrong": 1, "missing": 0, "rank": 1, "count": 0}}, {"model": "quizmaster.ranking", "pk": 21, "fields": {"session": 1, "user": 24, "correct": 13, "wrong": 1, "missing": 1, "rank": 1, "count": 0}}, {"model": "quizmaster.ranking", "pk": 22, "fields": {"session": 2, "user": 16, "correct": 6, "wrong": 9, "missing": 0, "rank": 6, "count": 0}}, {"model": "quizmaster.ranking", "pk": 23, "fields": {"session": 2, "user": 23, "correct": 10, "wrong": 5, "missing": 0, "rank": 2, "count": 0}}, {"model": "quizmaster.ranking", "pk": 24, "fields": {"session": 2, "user": 10, "correct": 5, "wrong": 10, "missing": 0, "rank": 7, "count": 0}}, {"model": "quizmaster.ranking", "pk": 25, "fields": {"session": 2, "user": 5, "correct": 9, "wrong": 6, "missing": 0, "rank": 3, "count": 0}}, {"model": "quizmaster.ranking", "pk": 26, "fields": {"session": 2, "user": 7, "correct": 9, "wrong": 6, "missing": 0, "rank": 3, "count": 0}}, {"model": "quizmaster.ranking", "pk": 27, "fields": {"session": 2, "user": 19, "correct": 8, "wrong": 7, "missing": 0, "rank": 4, "count": 0}}, {"model": "quizmaster.ranking", "pk": 28, "fields": {"session": 2, "user": 13, "correct": 10, "wrong": 5, "missing": 0, "rank": 2, "count": 0}}, {"model": "quizmaster.ranking", "pk": 29, "fields": {"session": 2, "user": 12, "correct": 6, "wrong": 9, "missing": 0, "rank": 6, "count": 0}}, {"model": "quizmaster.ranking", "pk": 30, "fields": {"session": 2, "user": 15, "correct": 8, "wrong": 7, "missing": 0, "rank": 4, "count": 0}}, {"model": "quizmaster.ranking", "pk": 31, "fields": {"session": 2, "user": 11, "correct": 5, "wrong": 10, "missing": 0, "rank": 7, "count": 0}}, {"model": "quizmaster.ranking", "pk": 32, "fields": {"session": 2, "user": 20, "correct": 8, "wrong": 7, "missing": 0, "rank": 4, "count": 0}}, {"model": "quizmaster.ranking", "pk": 33, "fields": {"session": 2, "user": 8, "correct": 5, "wrong": 10, "missing": 0, "rank": 7, "count": 0}}, {"model": "quizmaster.ranking", "pk": 34, "fields": {"session": 2, "user": 18, "correct": 7, "wrong": 8, "missing": 0, "rank": 5, "count": 0}}, {"model": "quizmaster.ranking", "pk": 35, "fields": {"session": 2, "user": 26, "correct": 5, "wrong": 10, "missing": 0, "rank": 7, "count": 0}}, {"model": "quizmaster.ranking", "pk": 36, "fields": {"session": 2, "user": 22, "correct": 8, "wrong": 7, "missing": 0, "rank": 4, "count": 0}}, {"model": "quizmaster.ranking", "pk": 37, "fields": {"session": 2, "user": 9, "correct": 9, "wrong": 6, "missing": 0, "rank": 3, "count": 0}}, {"model": "quizmaster.ranking", "pk": 38, "fields": {"session": 2, "user": 14, "correct": 8, "wrong": 7, "missing": 0, "rank": 4, "count": 0}}, {"model": "quizmaster.ranking", "pk": 39, "fields": {"session": 2, "user": 21, "correct": 10, "wrong": 5, "missing": 0, "rank": 2, "count": 0}}, {"model": "quizmaster.ranking", "pk": 40, "fields": {"session": 2, "user": 17, "correct": 8, "wrong": 7, "missing": 0, "rank": 4, "count": 0}}, {"model": "quizmaster.ranking", "pk": 41, "fields": {"session": 2, "user": 6, "correct": 8, "wrong": 7, "missing": 0, "rank": 4, "count": 0}}, {"model": "quizmaster.ranking", "pk": 42, "fields": {"session": 2, "user": 25, "correct": 13, "wrong": 2, "missing": 2, "rank": 1, "count": 0}}, {"model": "quizmaster.ranking", "pk": 43, "fields": {"session": 2, "user": 24, "correct": 13, "wrong": 2, "missing": 0, "rank": 1, "count": 0}}, {"model": "quizmaster.ranking", "pk": 44, "fields": {"session": 11, "user": 31, "correct": 3, "wrong": 5, "missing": 4, "rank": 1, "count": 0}}, {"model": "quizmaster.ranking", "pk": 45, "fields": {"session": 12, "user": 31, "correct": 1, "wrong": 13, "missing": 11, "rank": 1, "count": 0}}, {"model": "quizmaster.ranking", "pk": 46, "fields": {"session": 14, "user": 34, "correct": 2, "wrong": 12, "missing": 11, "rank": 1, "count": 0}}, {"model": "quizmaster.ranking", "pk": 47, "fields": {"session": 15, "user": 35, "correct": 3, "wrong": 5, "missing": 5, "rank": 2, "count": 0}}, {"model": "quizmaster.ranking", "pk": 48, "fields": {"session": 15, "user": 36, "correct": 4, "wrong": 4, "missing": 0, "rank": 1, "count": 0}}, {"model": "quizmaster.ranking", "pk": 49, "fields": {"session": 16, "user": 35, "correct": 0, "wrong": 14, "missing": 14, "rank": 1, "count": 0}}, {"model": "quizmaster.ranking", "pk": 50, "fields": {"session": 16, "user": 36, "correct": 0, "wrong": 14, "missing": 14, "rank": 1, "count": 0}}]